STATE,YEAR,POPULATION,URBAN,RURAL,Population Males,Population Females,Total Literacy,Male Literacy,Female Literacy,Literacy Rate,Male Literacy,Female Literacy,"Area
 (In sq. km)",TOTAL CRIMES,MURDER,ATTEMPT TO MURDER,CULPABLE HOMICIDE NOT AMOUNTING TO MURDER,RAPE,CUSTODIAL RAPE,OTHER RAPE,KIDNAPPING & ABDUCTION,KIDNAPPING AND ABDUCTION OF WOMEN AND GIRLS,KIDNAPPING AND ABDUCTION OF OTHERS,DACOITY,PREPARATION AND ASSEMBLY FOR DACOITY,ROBBERY,BURGLARY,THEFT,AUTO THEFT,OTHER THEFT,RIOTS,CRIMINAL BREACH OF TRUST,CHEATING,COUNTERFIETING,ARSON,HURT/GREVIOUS HURT,DOWRY DEATHS,ASSAULT ON WOMEN WITH INTENT TO OUTRAGE HER MODESTY,INSULT TO MODESTY OF WOMEN,CRUELTY BY HUSBAND OR HIS RELATIVES,IMPORTATION OF GIRLS FROM FOREIGN COUNTRIES,CAUSING DEATH BY NEGLIGENCE,OTHER IPC CRIMES
Jammu and Kashmir,2001,10143700,2516638,7627062,5360926,4782774,5524259,3524809,2000156,54.46%,65.75%,41.82%,222236,39010,2150,2948,66,338,0,338,1212,1008,204,48,0,322,2690,3838,1266,2572,2144,180,782,30,874,636,26,1244,576,100,0,714,18092
HIMACHAL PRADESH,2001,6077900,595581,5482319,3087940,2989960,4687884,2656246,2035565,77.13%,86.02%,68.08%,55673,22998,238,150,22,248,0,248,252,210,42,8,0,56,1688,1200,284,916,1256,138,292,4,268,2806,20,620,28,634,0,966,12104
PUNJAB,2001,24358999,8262511,16096488,12985045,11373954,17039120,9820590,7228148,69.95%,75.63%,63.55%,50362,55548,1476,1578,160,596,0,596,1026,648,378,90,168,262,3804,6046,2408,3638,2,736,5242,116,126,7992,318,744,94,2256,0,4308,18408
CHANDIGARH,2001,900635,808515,92120,506938,393697,736359,434192,301769,81.76%,85.65%,76.65%,114,6794,30,20,12,36,0,36,112,100,12,10,0,44,728,3058,988,2070,182,52,310,4,10,190,6,48,30,72,0,12,1828
UTTARAKHAND,2001,1353644,387913,965731,686876,666768,978414,577045,401794,72.28%,84.01%,60.26%,10291,16146,632,558,76,148,0,148,366,252,114,64,6,382,1066,2838,748,2090,880,342,636,8,60,1660,112,206,168,602,0,882,4454
Hariyana,2001,21144564,6115304,15029260,11363953,9780611,14503056,9005933,5507462,68.59%,79.25%,56.31%,44212,77518,1562,934,156,796,0,796,898,594,304,154,282,794,6218,12234,6044,6190,1500,1112,2032,74,406,9488,570,956,802,3026,0,1712,31812
Delhi,2001,13850507,12905780,944727,7607234,6243273,11332485,6646440,4682455,81.82%,87.37%,75.00%,1483,108768,1094,1020,126,762,0,762,3254,1928,1326,96,148,1248,6058,38552,15788,22764,330,958,4366,84,100,4022,226,1004,180,276,0,864,44000
RAJASTHAN,2001,56507188,13214375,43292813,29420011,27087177,34486337,22494540,12010454,61.03%,76.46%,44.34%,342239,310370,2518,3846,126,2098,0,2098,5436,4330,1106,120,80,1778,14568,33878,8648,25230,22428,2052,13288,178,2184,54970,752,5756,112,11064,2,8442,124694
UTTAR PRADESH,2001,166197921,34539582,131658339,87565369,78632552,95331127,61497159,33796271,57.36%,70.23%,42.98%,240928,356258,15202,15928,2372,3916,0,3916,8660,5758,2902,1810,76,7650,16822,54022,12378,41644,14686,6860,10726,294,1624,35632,4422,5740,5150,14730,0,14258,115678
BIHAR,2001,82998509,8681800,74316709,43243795,39754714,39449191,29976599,13345657,47.53%,69.32%,33.57%,94163,176864,7286,6838,500,1776,0,1776,4318,1036,3282,2582,294,4406,6466,19402,2100,17302,17212,1892,3318,170,1004,15088,1718,1124,42,3116,166,4812,73334
SIKKIM,2001,540851,59870,480981,288484,252367,376865,221354,155105,69.68%,76.73%,61.46%,7096,888,38,22,14,16,0,16,12,4,8,0,0,6,152,148,12,136,6,2,26,0,2,70,0,0,28,0,0,14,332
ARUNACHAL PRADESH,2001,1097968,227881,870087,579941,518027,601028,371568,229175,54.74%,64.07%,44.24%,83743,4684,166,106,6,66,0,66,166,110,56,44,4,168,496,886,72,814,48,82,60,8,26,932,0,156,6,22,0,0,1236
NAGALAND,2001,1990036,342787,1647249,1047141,942895,1335513,751533,583841,67.11%,71.77%,61.92%,16579,2468,202,78,18,34,0,34,46,12,34,22,0,258,326,516,178,338,4,40,68,4,2,74,0,12,0,0,0,38,726
MANIPUR,2001,2293896,575968,1717928,1161952,1131944,1579806,904812,675771,68.87%,77.87%,59.70%,22327,4978,418,336,10,40,0,40,188,124,64,40,34,38,150,434,142,292,262,66,132,40,128,402,0,42,0,10,0,14,2194
MIZORAM,2001,888573,441006,447567,459109,429464,786298,416366,369897,88.49%,90.69%,86.13%,21081,4492,62,30,10,104,0,104,4,2,2,6,0,46,834,1756,34,1722,6,46,142,24,48,188,0,104,0,32,6,46,998
TRIPURA,2001,3199203,545750,2653453,1642225,1556978,2356533,1337921,1018419,73.66%,81.47%,65.41%,10486,5602,480,50,0,204,0,204,186,70,116,52,0,126,396,518,12,506,276,8,34,12,62,824,32,116,0,454,0,62,1710
MEGHALAYA,2001,2318822,454111,1864711,1176087,1142735,1468046,777864,690326,63.31%,66.14%,60.41%,22429,3374,328,94,4,52,0,52,110,22,88,194,6,250,340,542,32,510,16,38,58,6,52,204,0,50,0,8,0,0,1022
ASSAM,2001,26655528,3439240,23216288,13777037,12878491,17134173,9909823,7215819,64.28%,71.93%,56.03%,78438,73754,2712,962,80,1634,0,1634,2960,2140,820,1064,28,1374,4846,10734,700,10034,5906,748,1150,92,882,11610,118,1700,8,2496,0,4020,18630
WEST BENGAL,2001,80176197,22427251,57748946,41465985,38710212,55497964,32169311,23311290,69.22%,77.58%,60.22%,88752,123126,3188,898,1162,1418,0,1418,1750,1390,360,548,842,1320,852,28490,5124,23366,6190,972,2432,204,204,7316,530,1908,96,7718,6,4562,50520
JHARKHAND,2001,26945829,5993741,20952088,13885037,13060792,14585777,9433494,5143340,54.13%,67.94%,39.38%,79714,50894,3014,1732,286,1134,0,1134,882,558,324,1272,96,1294,2532,7654,1508,6146,4036,566,1108,46,330,4508,434,594,10,968,4,840,17554
ODISHA,2001,36804660,5517238,31287422,18660570,18144090,23411444,14172703,9248043,63.61%,75.95%,50.97%,155707,93322,1974,2302,106,1580,0,1580,1044,868,176,398,44,1916,6186,11244,1634,9610,2852,570,1362,20,846,8734,588,3310,916,2532,0,3178,41620
CHHATTISGARH,2001,20833803,4185747,16648056,10474218,10359585,13579473,8155226,5428423,65.18%,77.86%,52.40%,135191,76920,1760,1058,90,1918,0,1918,414,342,72,174,38,676,8288,9624,1840,7784,1742,308,804,16,430,10954,140,3526,322,1680,0,1378,31580
MADHYA PRADESH,2001,60348023,15967145,44380878,31443652,28904371,38689118,24148725,14533118,64.11%,76.80%,50.28%,308245,363482,4850,5740,250,5702,0,5702,1912,1336,576,332,260,3528,27098,40526,9070,31456,6790,962,2826,38,2028,61790,1218,14126,1502,5124,0,6594,170286
GUJARAT,2001,50671017,18930250,31740767,26385577,24285440,35454511,21240389,14231268,69.97%,80.50%,58.60%,196024,206838,2452,1074,188,572,0,572,1996,1714,282,654,38,1982,10284,31668,11008,20660,3860,3496,3558,110,898,27520,134,1512,222,7334,0,5848,101438
Daman and Diu,2001,158204,57348,100856,92512,65692,128288,81781,46227,81.09%,88.40%,70.37%,112,478,14,10,0,0,0,0,10,6,4,0,0,0,86,80,40,40,46,10,18,2,6,42,0,0,0,8,0,0,146
Dadra and Nagar Haveli,2001,220490,50463,170027,121666,98824,132360,89206,42484,60.03%,73.32%,42.99%,491,700,6,4,0,12,0,12,8,4,4,0,0,4,68,90,30,60,8,26,24,2,2,58,0,14,0,8,0,0,366
MAHARASHTRA,2001,96878627,41100980,55777647,50400596,46478031,74858115,43480594,31377319,77.27%,86.27%,67.51%,307713,342466,5678,2908,202,2604,0,2604,1970,1222,748,1058,656,4478,30146,79732,17746,61986,13438,3084,8546,530,2416,60424,616,5646,2240,12180,2,17986,85926
ANDHRA PRADESH,2001,76210007,20808940,55401067,38527413,37682594,46571935,27296672,19282183,61.11%,70.85%,51.17%,275045,260178,5204,3110,272,1742,0,1742,2364,1530,834,428,18,1258,14440,33502,6102,27400,6002,1576,10782,288,1744,69894,840,7088,4542,11582,14,14800,68688
KARNATAKA,2001,52850562,17961529,34889033,26898918,25951644,35431017,20521185,14909219,67.04%,76.29%,57.45%,191791,218196,3252,2950,148,586,0,586,1118,542,576,356,72,1694,12788,25736,8032,17704,13372,988,5356,262,704,46570,440,3330,162,3510,0,200,94602
GOA,2001,1347668,670577,677091,687248,660420,1109400,610826,498683,82.32%,88.88%,75.51%,3702,4682,72,60,10,24,0,24,18,12,6,14,0,50,718,1152,336,816,128,78,124,4,32,348,4,34,14,22,0,382,1394
LAKSHADWEEP,2001,60650,26967,33683,31131,29519,53081,28999,24076,87.52%,93.15%,81.56%,32,72,2,0,0,0,0,0,0,0,0,0,0,0,2,20,0,20,2,2,0,0,4,6,0,0,0,0,0,0,34
KERALA,2001,31841374,8266925,23574449,15468614,16372760,28950177,14571434,14385107,90.92%,94.20%,87.86%,38863,207694,944,1230,222,1124,0,1124,366,194,172,352,26,1034,8948,10882,3590,7292,16216,856,5512,478,1536,39658,54,3884,162,5122,0,0,109088
TAMIL NADU,2001,62405679,27483998,34921681,31400909,31004770,45849452,25852368,20013579,73.47%,82.33%,64.55%,130058,309602,3324,4408,38,846,0,846,1904,1214,690,316,12,1344,11930,33418,8956,24462,10392,720,4278,208,1960,56858,382,3546,2024,1630,28,17100,152936
PUDUCHERRY,2001,974345,648619,325726,486961,487384,793994,432860,361298,81.49%,88.89%,74.13%,479,8136,50,64,2,18,0,18,8,6,2,2,0,8,222,1056,568,488,200,10,46,6,62,1270,2,70,54,6,0,332,4648
Andaman and Nicobar,2001,356152,116198,239954,192972,163180,289124,166091,122858,81.18%,86.07%,75.29%,8249,1316,26,0,0,6,0,6,4,4,0,0,0,8,128,130,8,122,26,20,16,4,8,236,0,38,2,18,0,0,646
Jammu and Kashmir,2002,10383460.2,2608298.4,7775161.8,5488899.6,4894560.6,5786702,3669329,2118415,55.73%,66.85%,43.28%,222236,39934,2096,2480,62,384,0,384,1348,1192,156,84,0,326,2642,4040,1328,2712,1992,182,764,40,772,732,36,1570,736,108,0,760,18780
HIMACHAL PRADESH,2002,6156570.2,604878.1,5551692.1,3127333.3,3029236.9,4783470,2701109,2086084,77.70%,86.37%,68.87%,55673,24486,246,172,12,274,0,274,276,232,44,0,2,36,1420,1128,284,844,1292,150,274,0,290,2952,12,652,24,468,0,964,13842
PUNJAB,2002,24697432.9,8476174.5,16221258.4,13150487,11546945.9,17421322,10008967,7420991,70.54%,76.11%,64.27%,50362,57588,1466,1456,158,598,0,598,1102,708,394,100,166,220,3856,5926,2534,3392,4,746,5432,78,136,8906,332,682,290,1888,0,4620,19426
CHANDIGARH,2002,916116.5,830309.4,85807.1,514310.5,401806,752947,442739,309808,82.19%,86.08%,77.10%,114,7612,62,70,14,36,0,36,108,94,14,2,2,52,672,3294,1234,2060,156,70,362,10,10,214,2,72,56,112,0,14,2222
UTTARAKHAND,2002,2226908.8,654055.5,1572853.3,1131965.7,1094943.1,1624174,954802,670488,72.93%,84.35%,61.24%,53483,15952,584,498,94,178,0,178,396,310,86,64,12,354,1108,2730,748,1982,684,290,624,16,80,1520,132,290,194,632,2,880,4590
Hariyana,2002,21565253.8,6387983.9,15177269.9,11577031.1,9988222.7,14941702,9230483,5720555,69.29%,79.73%,57.27%,44212,80304,1520,974,178,722,2,720,854,580,274,122,324,660,6096,11924,5910,6014,1400,1158,1866,64,398,9028,512,908,2848,3130,0,1910,33708
Delhi,2002,14144250.4,13252091.9,892158.5,7745243.2,6399007.2,11634919,6794670,4836114,82.26%,87.73%,75.58%,1483,98274,1062,880,136,806,0,806,2646,1786,860,94,134,1004,4720,33250,14868,18382,278,888,4196,92,114,3702,270,892,256,270,0,832,41752
RAJASTHAN,2002,57711312.9,13597746,44113566.9,30033109.6,27678203.3,35514388,23045306,12487852,61.54%,76.73%,45.12%,342239,302496,2552,4086,136,2102,0,2102,5174,4038,1136,94,66,1468,13322,32626,9412,23214,14356,1876,14572,126,2260,53038,798,5460,88,11382,0,9340,127574
UTTAR PRADESH,2002,169559363,35535130.1,134024232.9,89256883.1,80302479.9,99009103,63314370,35654301,58.39%,70.94%,44.40%,240928,292074,13650,12566,2486,2830,2,2828,6860,4596,2264,1104,118,5680,12252,44838,12706,32132,9756,5476,10052,254,1286,27894,3786,4290,3774,11358,0,14626,97138
BIHAR,2002,85108603.3,8989421.6,76119181.7,44347231.2,40761372.1,41666619,30824873,14414444,48.96%,69.51%,35.36%,94163,188080,7424,7052,792,2080,0,2080,4722,1488,3234,2578,282,4576,6376,20290,2262,18028,17350,2430,3622,144,1200,17540,1854,1242,12,3154,76,4994,78290
SIKKIM,2002,547823.6,69240.8,478582.8,291942.6,255881,388155,226874,160885,70.85%,77.71%,62.88%,7096,970,26,10,4,12,0,12,18,4,14,0,0,10,132,128,10,118,30,6,96,0,4,100,0,34,0,6,0,14,340
ARUNACHAL PRADESH,2002,1126543.9,236829.8,889714.1,593338.1,533205.8,628657,385183,243067,55.80%,64.92%,45.59%,83743,4456,122,76,12,76,0,76,114,76,38,44,0,192,498,790,102,688,42,46,58,10,40,802,0,136,4,26,0,0,1368
NAGALAND,2002,1988882.6,365604.9,1623277.7,1044891.8,943990.8,1359481,761392,597914,68.35%,72.87%,63.34%,16579,2228,200,68,10,34,0,34,54,8,46,42,0,220,256,514,162,352,10,20,42,6,12,106,0,2,0,0,0,48,584
MANIPUR,2002,2350085.8,601786.6,1748299.2,1189615.4,1160470.4,1637469,933146,705055,69.68%,78.44%,60.76%,22327,5168,330,320,6,28,0,28,314,164,150,6,16,12,88,510,230,280,128,56,144,24,96,756,0,116,0,20,0,50,2148
MIZORAM,2002,909436.3,454082.5,455353.8,468732,440704.3,807343,426340,380962,88.77%,90.96%,86.44%,21081,5640,58,52,10,152,0,152,14,4,10,10,0,14,892,1998,60,1938,2,52,170,32,54,224,0,146,0,6,0,26,1728
TRIPURA,2002,3246674.4,587320.3,2659354.1,1665440.1,1581234.3,2435525,1375254,1061672,75.02%,82.58%,67.14%,10486,6150,402,76,2,216,0,216,256,96,160,58,0,112,384,540,102,438,360,24,40,14,80,1036,32,256,0,472,0,92,1698
MEGHALAYA,2002,2383628.7,468244.9,1915383.8,1207661.5,1175967.2,1535581,810594,725078,64.42%,67.12%,61.66%,22429,3328,334,116,6,76,0,76,104,20,84,128,4,218,308,784,102,682,18,18,66,16,46,178,0,46,0,0,0,24,838
ASSAM,2002,27110532.8,3535170.2,23575362.6,13993277.6,13117255.2,17641095,10148205,7483919,65.07%,72.52%,57.05%,78438,72692,2506,958,110,1940,0,1940,3190,2552,638,946,36,1214,5008,11110,992,10118,6028,1116,1438,114,876,9528,140,1968,14,3388,0,3914,17150
WEST BENGAL,2002,81286188.8,23093826.1,58192362.7,42000289.2,39285899.6,56846683,32756446,24063399,69.93%,77.99%,61.25%,88752,117924,2888,826,1080,1518,0,1518,1662,1388,274,408,1292,1088,696,24898,4916,19982,4922,902,2630,196,228,6224,546,1928,68,8138,2,5406,50378
JHARKHAND,2002,27550059.5,6187673,21362386.5,14189564.8,13360494.7,15251162,9766677,5475665,55.36%,68.83%,40.98%,79716,62878,2976,2286,230,1594,0,1594,936,356,580,1160,110,1560,2838,8748,1120,7628,4562,666,882,12,334,4588,550,822,6,1176,72,832,25938
ODISHA,2002,37321615.8,5665879.8,31655736,18915726.6,18405889.2,24085878,14473179,9621495,64.54%,76.51%,52.27%,155707,95456,2150,2744,116,1382,0,1382,1046,864,182,492,60,1890,5768,10536,2056,8480,3196,492,1586,24,810,9894,496,3210,376,2334,0,5344,41510
CHHATTISGARH,2002,21304942.5,4360896,16944046.5,10710085.7,10594856.8,13995217,8364684,5634769,65.69%,78.10%,53.18%,135192,75900,1688,906,48,1984,0,1984,356,308,48,288,12,652,7462,8604,1778,6826,1634,192,786,36,470,8968,170,2966,294,1306,0,1926,35152
MADHYA PRADESH,2002,61575901.6,16377371,45198530.6,32060517.4,29515384.2,39797121,24684354,15104793,64.63%,76.99%,51.18%,308252,383598,4790,5728,388,5782,0,5782,1928,1278,650,272,284,3658,26688,41518,9690,31828,6356,1014,2480,108,2106,59910,1348,14236,1566,6234,0,7358,189846
GUJARAT,2002,51647884.5,19611733.3,32036151.2,26896145.3,24751739.2,36554307,21792602,14778768,70.78%,81.03%,59.71%,196244,213350,3064,1518,26,534,0,534,2030,1614,416,1608,24,2196,10654,31484,12390,19094,7330,2770,2914,92,3830,27062,124,1500,208,6642,0,6516,101224
Daman and Diu,2002,166708.3,69898.3,96810,98290.9,68417.4,136186,87198,48773,81.69%,88.71%,71.29%,111,522,16,6,0,0,0,0,6,4,2,4,0,2,112,112,70,42,32,10,20,0,4,36,0,0,0,6,0,0,156
Dadra and Nagar Haveli,2002,232811.9,61476.2,171335.7,128875.4,103936.5,143554,96019,46899,61.66%,74.51%,45.12%,491,698,22,4,0,8,0,8,18,10,8,6,0,2,76,150,76,74,10,24,20,0,4,58,0,6,0,6,0,0,284
MAHARASHTRA,2002,98428197.6,42072707.9,56355489.7,51184842,47243355.6,76554499,44265163,32288944,77.78%,86.48%,68.35%,307713,330924,5536,2870,186,2704,2,2702,1906,1300,606,1096,542,4272,28942,75212,18244,56968,12720,2936,8290,352,2538,58500,606,5372,1538,10706,0,18814,85286
ANDHRA PRADESH,2002,77047084,21549953.5,55497130.5,38918886.3,38128197.7,47538821,27730874,19814462,61.70%,71.25%,51.97%,275045,287220,5050,3288,330,2004,0,2004,2604,1708,896,394,6,1296,15256,38444,7088,31356,4280,2100,13466,310,1982,79678,898,7598,4048,14036,0,17382,72770
KARNATAKA,2002,53675035.5,18527972.3,35147063.2,27305691.9,26369343.6,36430320,21000262,15429494,67.87%,76.91%,58.51%,191791,227398,3254,3152,110,584,0,584,1290,600,690,356,132,1944,12960,27636,8752,18884,13676,970,5528,350,874,45648,466,3296,200,3652,0,304,101016
GOA,2002,1358755.7,694200.7,664555,692437.2,666318.5,1127197,618049,509234,82.96%,89.26%,76.43%,3702,4880,60,40,8,24,0,24,18,10,8,10,0,48,752,992,292,700,158,54,156,6,50,472,4,36,12,16,0,404,1560
LAKSHADWEEP,2002,61032.3,29303.5,31728.8,31330.2,29702.1,53680,29260,24415,87.95%,93.39%,82.20%,30,106,0,0,0,2,0,2,0,0,0,0,0,0,18,24,0,24,36,0,0,0,4,10,0,2,0,0,0,0,10
KERALA,2002,31997842.7,9033725.1,22964117.6,15524493.8,16473348.9,29190992,14653725,14526364,91.23%,94.39%,88.18%,38852,208400,908,1124,420,998,0,998,324,182,142,274,8,1220,9248,11486,3956,7530,16180,714,5848,270,904,38066,34,4246,204,5672,0,64,110188
TAMIL NADU,2002,63379814.1,28227342.2,35152471.9,31874615.6,31505198.5,46984724,26383894,20616687,74.13%,82.77%,65.44%,130060,333884,3446,4266,72,1068,0,1068,2002,1428,574,352,50,1306,11066,37510,9342,28168,8504,576,4034,242,1700,50300,486,3754,3436,2104,0,20250,177360
PUDUCHERRY,2002,1001705.8,669032.4,332673.4,499516,502189.8,820657,445204,375558,81.93%,89.13%,74.78%,490,8874,58,86,4,12,0,12,20,12,8,4,0,12,258,1052,516,536,386,22,62,6,44,2186,10,118,52,18,0,380,4084
Andaman and Nicobar,2002,358594.9,118927,239667.9,193961.9,164633,293062,167758,125128,81.73%,86.49%,76.00%,8249,1216,34,6,2,4,0,4,4,2,2,2,0,14,98,98,4,94,22,8,22,0,4,194,0,34,6,8,0,0,656
Jammu and Kashmir,2003,10623220.4,2699958.8,7923261.6,5616873.2,5006347.2,6055236,3816665,2239940,57.00%,67.95%,44.74%,222236,42466,1858,2432,58,422,0,422,1424,1230,194,46,0,308,3052,3898,1152,2746,2334,232,816,42,656,620,20,1750,752,142,0,756,20848
HIMACHAL PRADESH,2003,6235240.4,614175.2,5621065.2,3166726.6,3068513.8,4879949,2746249,2137220,78.26%,86.72%,69.65%,55673,24022,250,148,10,252,0,252,226,192,34,16,0,38,1414,1254,436,818,1220,126,260,6,242,2770,12,500,36,442,0,926,13874
PUNJAB,2003,25035866.8,8689838,16346028.8,13315929,11719937.8,17807511,10198936,7616319,71.13%,76.59%,64.99%,50362,57512,1462,1288,178,760,0,760,928,590,338,60,234,216,4188,6396,2750,3646,0,686,6246,112,142,8248,220,692,398,1974,0,4452,18632
CHANDIGARH,2003,931598,852103.8,79494.2,521683,409915,769668,451350,317922,82.62%,86.52%,77.56%,114,5612,42,30,4,36,0,36,64,56,8,6,2,24,408,2476,1104,1372,92,64,418,4,8,142,2,22,8,186,0,16,1558
UTTARAKHAND,2003,3100173.6,920198,2179975.6,1577055.4,1523118.2,2281356,1335577,947532,73.59%,84.69%,62.21%,53483,15846,536,472,62,214,0,214,342,268,74,52,6,320,1114,2736,800,1936,784,276,758,16,66,1374,186,272,196,634,0,724,4706
Hariyana,2003,21985943.6,6660663.8,15325279.8,11790109.2,10195834.4,15386203,9457082,5937646,69.98%,80.21%,58.24%,44212,77224,1404,892,152,706,0,706,776,542,234,126,380,562,5962,11182,6158,5024,1278,1172,1800,60,244,8306,444,688,2604,3236,0,1942,33308
Delhi,2003,14437993.8,13598403.8,839590,7883252.4,6554741.4,11939932,6943884,4991567,82.70%,88.08%,76.15%,1483,94808,970,814,130,980,0,980,2312,1594,718,56,214,882,3796,31088,14890,16198,160,862,4158,86,120,3416,260,978,210,2422,0,804,40090
RAJASTHAN,2003,58915437.8,13981117,44934320.8,30646208.2,28269229.6,36554673,23599419,12974446,62.05%,77.01%,45.90%,342239,291158,2524,3954,122,2100,0,2100,4476,3500,976,72,82,1310,12144,32912,10982,21930,8104,1804,14450,116,1568,52346,778,5430,66,11466,2,10148,125184
UTTAR PRADESH,2003,172920805,36530678.2,136390126.8,90948397.2,81972407.8,102756459,65155432,37559757,59.42%,71.64%,45.82%,240928,190146,10568,7586,3050,1822,0,1822,4416,2998,1418,634,392,3976,8032,31502,11210,20292,4502,3492,5822,452,594,15520,2644,2196,9940,5252,0,8856,58898
BIHAR,2003,87218697.6,9297043.2,77921654.4,45450667.4,41768030.2,43944269,31677297,15519329,50.38%,69.70%,37.16%,94163,184526,7542,7080,596,1970,0,1970,4854,1348,3506,2442,240,4926,5972,20248,2714,17534,16058,2210,3894,184,1338,17768,1818,1376,22,3760,74,5148,75006
SIKKIM,2003,554796.2,78611.6,476184.6,295401.2,259395,399609,232463,166765,72.03%,78.69%,64.29%,7096,886,28,14,6,20,0,20,0,0,0,4,0,6,96,130,6,124,20,14,24,6,4,112,0,50,0,2,0,36,314
ARUNACHAL PRADESH,2003,1155119.8,245778.6,909341.2,606735.2,548384.6,656894,399025,257368,56.87%,65.77%,46.93%,83743,4122,154,40,6,62,0,62,136,102,34,74,0,120,506,740,100,640,14,56,42,14,20,854,0,86,0,28,0,0,1170
NAGALAND,2003,1987729.2,388422.8,1599306.4,1042642.6,945086.6,1383420,771201,612019,69.60%,73.97%,64.76%,16579,1952,182,68,16,28,0,28,76,6,70,38,0,184,190,442,74,368,16,6,22,14,10,96,0,8,4,0,2,82,468
MANIPUR,2003,2406275.6,627605.2,1778670.4,1217278.8,1188996.8,1696039,961796,734943,70.48%,79.01%,61.81%,22327,5074,300,398,12,36,0,36,240,142,98,6,0,12,136,504,248,256,146,32,152,14,94,648,0,88,0,8,0,8,2240
MIZORAM,2003,930299.6,467159,463140.6,478355,451944.6,828506,436365,392098,89.06%,91.22%,86.76%,21081,6912,92,72,6,108,0,108,16,4,12,10,0,42,974,2606,114,2492,6,38,120,24,46,284,0,176,0,6,0,22,2264
TRIPURA,2003,3294145.8,628890.6,2665255.2,1688655.2,1605490.6,2515805,1413100,1105766,76.37%,83.68%,68.87%,10486,7028,508,174,0,228,0,228,292,58,234,72,0,138,334,552,20,532,548,6,50,6,166,1068,40,254,0,494,0,218,1880
MEGHALAYA,2003,2448435.4,482378.8,1966056.6,1239236,1209199.4,1604558,843945,760659,65.53%,68.10%,62.91%,22429,3338,350,120,34,80,0,80,98,20,78,166,2,266,320,720,216,504,10,24,68,8,32,212,0,26,2,8,0,82,710
ASSAM,2003,27565537.6,3631100.4,23934437.2,14209518.2,13356019.4,18155214,10389147,7756909,65.86%,73.11%,58.08%,78438,76390,2382,970,96,2190,0,2190,3256,2702,554,942,52,1046,5212,11050,812,10238,6680,1222,1788,116,1354,9904,120,1756,12,3616,0,4172,18454
WEST BENGAL,2003,82396180.6,23760401.2,58635779.4,42534593.4,39861587.2,58211254,33347972,24827391,70.65%,78.40%,62.28%,88752,122348,2850,800,968,2004,0,2004,1804,1602,202,434,1766,1196,684,25226,5162,20064,5192,756,3068,306,174,8344,658,2372,142,9896,2,4600,49106
JHARKHAND,2003,28154290,6381605,21772685,14494092.6,13660197.4,15931387,10105281,5817605,56.59%,69.72%,42.59%,79716,64406,2964,1914,218,1424,0,1424,974,524,450,1404,74,1728,2936,8310,1128,7182,4962,530,958,10,294,6124,524,848,4,1118,0,1284,25804
ODISHA,2003,37838571.6,5814521.6,32024050,19170883.2,18667688.4,24769886,14776533,10001774,65.46%,77.08%,53.58%,155707,94562,2088,2428,376,1450,0,1450,954,746,208,356,60,1750,5922,10718,2152,8566,2816,508,1874,22,674,9518,558,3338,376,2578,0,4994,41204
CHHATTISGARH,2003,21776082,4536045,17240037,10945953.4,10830128.6,14415766,8575279,5844804,66.20%,78.34%,53.97%,135192,76898,1552,1026,102,1796,0,1796,354,298,56,280,28,662,7242,8340,1844,6496,1406,152,824,48,302,7306,158,2962,210,1202,0,2316,38630
MADHYA PRADESH,2003,62803780.2,16787597,46016183.2,32677382.8,30126397.4,40917919,25222365,15687418,65.15%,77.19%,52.07%,308252,382156,4454,4826,406,5476,0,5476,1774,1216,558,306,282,3156,25768,40844,10524,30320,5458,1098,2444,76,1736,58716,1296,13696,1410,5876,0,7556,195502
GUJARAT,2003,52624752,20293216.6,32331535.4,27406713.6,25218038.4,37669850,22350175,15336602,71.58%,81.55%,60.82%,196244,207418,2228,956,58,472,0,472,2088,1718,370,676,28,2534,11688,38608,14402,24206,3648,3746,3950,550,1032,25222,108,1444,184,7368,0,7072,93758
Daman and Diu,2003,175212.6,82448.6,92764,104069.8,71142.8,144186,92651,51369,82.29%,89.03%,72.21%,111,538,12,6,0,10,0,10,2,2,0,8,0,2,82,92,50,42,62,16,16,12,2,28,2,6,0,0,0,12,168
Dadra and Nagar Haveli,2003,245133.8,72489.4,172644.4,136084.8,109049,155150,103003,51532,63.29%,75.69%,47.26%,491,676,22,10,0,2,0,2,14,8,6,8,0,12,82,122,30,92,34,16,26,4,8,44,0,8,0,4,0,2,258
MAHARASHTRA,2003,99977768.2,43044435.8,56933332.4,51969088,48008680.2,78266596,45053042,33213365,78.28%,86.69%,69.18%,307713,328612,5544,2824,226,2536,0,2536,1852,1252,600,1028,498,4192,27784,74196,18542,55654,11428,3122,10010,522,2376,58410,736,5322,1364,10904,0,18756,84982
ANDHRA PRADESH,2003,77884161,22290967,55593194,39310359.6,38573801.4,48515602,28168231,20353852,62.29%,71.66%,52.77%,275045,313902,5334,3356,294,1892,0,1892,2970,1862,1108,352,10,1320,18100,46816,9042,37774,4656,2198,15162,636,2098,83090,932,8256,4572,16334,10,17030,78484
KARNATAKA,2003,54499509,19094415.6,35405093.4,27712465.8,26787043.2,37443343,21484366,15958649,68.70%,77.53%,59.58%,191791,224810,3012,2482,116,642,0,642,1062,488,574,440,130,1722,12110,28360,8592,19768,11568,990,5504,252,830,43826,388,3170,168,3408,0,344,104286
GOA,2003,1369843.4,717824.4,652019,697626.4,672217,1145134,625310,519893,83.60%,89.63%,77.34%,3702,4488,68,50,12,62,0,62,28,26,2,10,0,42,514,928,264,664,94,120,212,6,36,396,4,38,14,48,0,328,1478
LAKSHADWEEP,2003,61414.6,31640,29774.6,31529.4,29885.2,54282,29522,24756,88.39%,93.63%,82.84%,30,62,0,0,0,4,0,4,0,0,0,0,0,0,12,16,2,14,8,0,0,0,4,2,0,2,0,2,0,0,12
KERALA,2003,32154311.4,9800525.2,22353786.2,15580373.6,16573937.8,29432770,14736229,14668266,91.54%,94.58%,88.50%,38852,197648,870,896,686,788,0,788,378,204,174,284,38,1268,8818,9782,3336,6446,13596,646,6122,258,826,35392,66,3894,136,5860,0,70,106974
TAMIL NADU,2003,64353949.2,28970686.4,35383262.8,32348322.2,32005627,48132893,26919627,21228692,74.79%,83.22%,66.33%,130060,314372,3182,3686,56,1114,2,1112,1758,1264,494,190,86,1028,9698,36426,9162,27264,7412,614,3808,126,1582,60456,440,4044,1762,3110,2,18224,155568
PUDUCHERRY,2003,1029066.6,689445.8,339620.8,512071,516995.6,847560,457607,390011,82.36%,89.36%,75.44%,490,9034,58,64,0,4,0,4,36,26,10,4,0,22,252,1134,590,544,318,24,64,2,36,2106,2,112,54,8,0,364,4370
Andaman and Nicobar,2003,361037.8,121656,239381.8,194951.8,166086,297026,169433,127418,82.27%,86.91%,76.72%,8249,1288,42,8,2,4,0,4,4,4,0,4,0,14,112,120,6,114,38,6,26,0,16,220,0,18,4,14,0,0,636
Jammu and Kashmir,2004,10862980.6,2791619.2,8071361.4,5744846.8,5118133.8,6329859,3966817,2364731,58.27%,69.05%,46.20%,222236,42382,1632,2224,58,436,0,436,1470,1264,206,56,0,258,2840,3878,1146,2732,2232,210,828,64,640,668,18,1980,528,164,0,844,21354
HIMACHAL PRADESH,2004,6313910.6,623472.3,5690438.3,3206119.9,3107790.7,4977319,2791665,2188972,78.83%,87.07%,70.44%,55673,24652,220,154,24,306,0,306,246,198,48,2,0,50,1532,1286,384,902,1124,194,348,12,224,2842,16,568,32,504,0,938,14030
PUNJAB,2004,25374300.7,8903501.5,16470799.2,13481371,11892929.7,18197687,10390497,7814131,71.72%,77.07%,65.70%,50362,51260,1550,1432,296,780,0,780,926,622,304,34,158,172,3532,5174,2264,2910,32,626,5458,120,104,8804,226,522,76,1602,0,4362,15274
CHANDIGARH,2004,947079.5,873898.2,73181.3,529055.5,418024,786521,460024,326109,83.05%,86.95%,78.01%,114,5778,44,38,20,38,0,38,108,86,22,0,4,12,372,2918,1306,1612,86,46,270,8,0,130,12,40,36,146,0,10,1440
UTTARAKHAND,2004,3973438.4,1186340.5,2787097.9,2022145.1,1951293.3,2949960,1719369,1232925,74.24%,85.03%,63.19%,53483,17268,524,494,58,230,0,230,426,254,172,74,2,330,1132,3194,1000,2194,888,314,744,26,56,1730,164,286,220,810,0,928,4638
Hariyana,2004,22406633.4,6933343.7,15473289.7,12003187.3,10403446.1,15836560,9685732,6158736,70.68%,80.69%,59.20%,44212,78192,1466,882,130,772,0,772,846,584,262,104,290,488,5572,13116,7470,5646,1398,1068,2178,64,190,8388,502,806,1700,4052,0,1962,32218
Delhi,2004,14731737.2,13944715.7,787021.5,8021261.6,6710475.6,12247524,7094084,5148814,83.14%,88.44%,76.73%,1483,107246,962,1038,160,1102,0,1102,2418,1762,656,60,270,922,3750,37988,17746,20242,134,890,4644,88,76,3560,252,1202,260,2508,0,866,44096
RAJASTHAN,2004,60119562.7,14364488,45755074.7,31259306.8,28860255.9,37607191,24156880,13470236,62.55%,77.28%,46.67%,342239,309718,2558,4060,118,2076,0,2076,4768,3762,1006,116,92,1346,11822,37684,13296,24388,6202,1770,16666,130,1670,51894,758,5650,82,13562,2,11158,135534
UTTAR PRADESH,2004,176282247,37526226.3,138756020.7,92639911.3,83642335.7,106573195,67020344,39512639,60.46%,72.35%,47.24%,240928,260362,12252,11160,2872,2794,0,2794,6674,4648,2026,756,196,5212,10598,45048,16904,28144,7830,4754,8368,376,762,22530,3416,3800,5364,9900,6,14272,81422
BIHAR,2004,89328791.9,9604664.8,79724127.1,46554103.6,42774688.3,46282140,32533870,16660313,51.81%,69.88%,38.95%,94163,216120,7896,5990,560,2780,2,2778,6826,1994,4832,2638,290,5972,6350,22226,4166,18060,19586,3402,5528,114,1414,22462,2058,1408,26,5358,70,4810,88356
SIKKIM,2004,561768.8,87982.4,473786.4,298859.8,262909,411226,238120,172744,73.20%,79.68%,65.71%,7096,1262,32,16,6,6,0,6,10,8,2,0,0,10,128,146,12,134,152,8,44,2,14,156,0,80,0,2,0,58,392
ARUNACHAL PRADESH,2004,1183695.7,254727.4,928968.3,620132.3,563563.4,685739,413095,272077,57.93%,66.61%,48.28%,83743,4512,134,90,2,84,0,84,130,82,48,60,4,90,430,776,150,626,130,52,68,2,38,858,0,122,0,8,0,0,1434
NAGALAND,2004,1986575.8,411240.7,1575335.1,1040393.4,946182.4,1407330,780961,626155,70.84%,75.06%,66.18%,16579,1968,140,66,10,36,0,36,46,8,38,28,0,234,140,510,52,458,12,22,56,0,10,104,0,6,2,0,0,68,478
MANIPUR,2004,2462465.4,653423.8,1809041.6,1244942.2,1217523.2,1755516,990762,765432,71.29%,79.58%,62.87%,22327,5070,318,454,6,62,0,62,256,142,114,4,4,6,132,488,216,272,230,50,284,8,170,466,0,60,0,4,0,70,1998
MIZORAM,2004,951162.9,480235.5,470927.4,487978,463184.9,849788,446441,403304,89.34%,91.49%,87.07%,21081,3030,70,42,4,40,0,40,30,0,30,20,0,12,500,1220,0,1220,4,60,40,12,44,160,0,132,0,0,0,0,640
TRIPURA,2004,3341617.2,670460.9,2671156.3,1711870.3,1629746.9,2597372,1451461,1150699,77.73%,84.79%,70.61%,10486,6162,378,72,0,320,0,320,198,108,90,54,4,92,332,520,98,422,296,34,68,24,48,904,40,268,0,604,0,170,1736
MEGHALAYA,2004,2513242.1,496512.7,2016729.4,1270810.5,1242431.6,1674975,877914,797070,66.65%,69.08%,64.15%,22429,3504,248,84,14,108,0,108,108,36,72,182,4,162,284,836,276,560,4,50,88,4,30,246,4,68,0,10,0,102,868
ASSAM,2004,28020542.4,3727030.6,24293511.8,14425758.8,13594783.6,18676532,10632650,8034789,66.65%,73.71%,59.10%,78438,81350,2428,820,126,2342,0,2342,3812,3104,708,720,62,1010,5088,11732,1370,10362,7230,1172,1730,114,758,11822,148,1766,22,3890,0,4478,20080
WEST BENGAL,2004,83506172.4,24426976.3,59079196.1,43068897.6,40437274.8,59591675,33943890,25603265,71.36%,78.81%,63.32%,88752,138700,2850,780,936,2950,0,2950,2400,2036,364,424,1886,1070,1094,28930,5336,23594,5382,850,3372,250,206,7734,792,3132,128,12668,24,5990,54852
JHARKHAND,2004,28758520.5,6575537,22182983.5,14798620.4,13959900.1,16626451,10449306,6169159,57.81%,70.61%,44.19%,79716,62878,2976,2286,230,1594,0,1594,936,356,580,1160,110,1560,2838,8748,1120,7628,4562,666,882,12,334,4588,550,822,6,1176,72,832,25938
ODISHA,2004,38355527.4,5963163.4,32392364,19426039.8,18929487.6,25463468,15082766,10388881,66.39%,77.64%,54.88%,155707,97478,2132,2394,50,1540,0,1540,1052,846,206,476,0,1904,5984,11934,2802,9132,2866,542,1610,28,686,9876,638,3622,340,2384,0,5304,42116
CHHATTISGARH,2004,22247221.5,4711194,17536027.5,11181821.1,11065400.4,14841121,8787010,6058528,66.71%,78.58%,54.75%,135192,83854,1854,1238,50,1938,0,1938,428,348,80,212,16,726,7440,10028,2632,7396,1580,202,848,84,484,7798,142,3322,262,1482,0,3434,40286
MADHYA PRADESH,2004,64031658.8,17197823,46833835.8,33294248.2,30737410.6,42051511,25762756,16280992,65.67%,77.38%,52.97%,308252,393734,4758,5126,376,5750,0,5750,1664,1168,496,294,268,3052,24616,45172,12296,32876,4958,1096,2574,72,1786,66570,1502,13380,1608,6872,0,8418,193822
GUJARAT,2004,53601619.5,20974699.9,32626919.6,27917281.9,25684337.6,38801140,22913109,15904769,72.39%,82.08%,61.92%,196244,210938,2226,938,54,678,0,678,2266,1810,456,720,30,2272,11656,37102,13862,23240,3198,3224,3452,244,776,24524,116,1514,328,7910,0,7916,99794
Daman and Diu,2004,183716.9,94998.9,88718,109848.7,73868.2,152288,98141,54015,82.89%,89.34%,73.12%,111,396,6,2,0,2,0,2,4,0,4,0,0,2,70,54,24,30,38,8,10,0,4,34,0,2,0,8,0,50,102
Dadra and Nagar Haveli,2004,257455.7,83502.6,173953.1,143294.2,114161.5,167148,110157,56383,64.92%,76.88%,49.39%,491,818,22,8,0,14,0,14,24,14,10,6,0,4,40,106,40,66,34,24,44,0,4,70,0,10,0,6,0,16,386
MAHARASHTRA,2004,101527338.8,44016163.7,57511175.1,52753334,48774004.8,79994406,45844230,34150583,78.79%,86.90%,70.02%,307713,352604,5392,2926,230,2776,0,2776,2090,1574,516,1258,630,4458,29318,87904,22614,65290,11960,3056,10334,436,2298,60244,628,5662,1724,11292,0,19148,88840
ANDHRA PRADESH,2004,78721238,23031980.5,55689257.5,39701832.9,39019405.1,49502276,28608744,20900354,62.88%,72.06%,53.56%,275045,317512,5158,3816,326,2032,0,2032,3052,2060,992,398,4,1192,16914,47156,10084,37072,5080,1796,15856,350,1830,86670,1024,7634,4620,16776,4,22904,72920
KARNATAKA,2004,55323982.5,19660858.9,35663123.6,28119239.7,27204742.8,38470084,21973499,16496684,69.54%,78.14%,60.64%,191791,228880,3038,2774,114,582,2,580,1184,572,612,354,218,2048,12186,32186,10370,21816,12474,846,5518,130,496,42464,518,2870,114,3176,0,554,105036
GOA,2004,1380931.1,741448.1,639483,702815.6,678115.5,1163214,632611,530659,84.23%,90.01%,78.26%,3702,4254,80,12,10,74,0,74,26,20,6,10,0,36,522,1006,240,766,66,98,122,0,14,340,4,46,30,34,0,432,1292
LAKSHADWEEP,2004,61796.9,33976.5,27820.4,31728.6,30068.3,54887,29785,25100,88.82%,93.87%,83.48%,30,140,0,0,0,0,0,0,0,0,0,0,0,0,4,10,0,10,74,0,0,2,0,12,0,0,0,2,0,0,36
KERALA,2004,32310780.1,10567325.3,21743454.8,15636253.4,16674526.7,29675513,14818946,14810815,91.84%,94.77%,88.82%,38852,208050,834,782,946,960,0,960,464,284,180,258,30,1278,9160,10480,3434,7046,12922,672,7510,198,748,41220,62,4520,266,6444,0,84,108212
TAMIL NADU,2004,65328084.3,29714030.6,35614053.7,32822028.8,32506055.5,49293959,27459566,21849595,75.46%,83.66%,67.22%,130060,333212,2958,3544,52,1236,0,1236,1740,1384,356,144,108,928,8294,35060,7992,27068,6866,536,4242,80,1324,61710,450,3722,2162,2874,0,18304,176878
PUDUCHERRY,2004,1056427.4,709859.2,346568.2,524626,531801.4,874701,470070,404658,82.80%,89.60%,76.09%,490,9240,50,36,28,8,0,8,20,16,4,0,0,2,172,1268,644,624,294,14,70,4,18,1948,12,100,60,4,0,352,4780
Andaman and Nicobar,2004,363480.7,124385,239095.7,195941.7,167539,301017,171116,129729,82.82%,87.33%,77.43%,8249,1496,30,2,4,20,0,20,6,6,0,0,0,6,138,206,18,188,18,0,24,0,18,210,0,12,6,10,0,12,774
Jammu and Kashmir,2005,11102740.8,2883279.6,8219461.2,5872820.4,5229920.4,6610572,4119784,2492789,59.54%,70.15%,47.66%,222236,40230,1294,1810,74,402,0,402,1496,1316,180,26,0,232,2794,3802,1008,2794,2444,234,806,58,480,710,10,1660,742,152,0,924,20080
HIMACHAL PRADESH,2005,6392580.8,632769.4,5759811.4,3245513.2,3147067.6,5075581,2837357,2241342,79.40%,87.42%,71.22%,55673,24690,220,158,44,282,0,282,236,204,32,12,0,44,1392,1392,332,1060,1116,164,326,12,194,2718,4,572,58,456,0,960,14330
PUNJAB,2005,25712734.6,9117165,16595569.6,13646813,12065921.6,18591850,10583649,8014426,72.31%,77.55%,66.42%,50362,54272,1426,1446,432,796,0,796,956,658,298,54,206,170,3866,5848,2302,3546,2,612,5868,146,110,8534,198,616,86,1458,0,4566,16876
CHANDIGARH,2005,962561,895692.6,66868.4,536428,426133,803507,468763,334370,83.48%,87.39%,78.47%,114,6266,36,30,8,66,0,66,108,90,18,0,4,24,446,2746,1158,1588,86,82,322,0,2,114,6,62,18,150,0,18,1938
UTTARAKHAND,2005,4846703.2,1452483,3394220.2,2467234.8,2379468.4,3629987,2106180,1526667,74.90%,85.37%,64.16%,53483,16066,558,404,60,266,0,266,406,250,156,96,0,318,1042,3260,1066,2194,866,288,792,44,48,1490,126,200,178,544,0,924,4156
Hariyana,2005,22827323.2,7206023.6,15621299.6,12216265.4,10611057.8,16292774,9916431,6383825,71.37%,81.17%,60.16%,44212,85328,1568,1026,114,922,0,922,984,688,296,176,276,780,6874,17388,10068,7320,1798,1124,2408,62,238,9138,424,760,1194,4150,0,2166,31758
Delhi,2005,15025480.6,14291027.6,734453,8159270.8,6866209.8,12557696,7245269,5307855,83.58%,88.80%,77.30%,1483,112130,910,934,128,1316,0,1316,3180,2212,968,54,314,1020,4186,35910,17724,18186,122,788,4756,72,94,3628,228,1524,450,2648,2,1268,48598
RAJASTHAN,2005,61323687.6,14747859,46575828.6,31872405.4,29451282.2,38671944,24717688,13975222,63.06%,77.55%,47.45%,342239,281834,2442,3840,118,1986,0,1986,3986,3098,888,82,158,1180,10454,35796,13446,22350,4580,1226,16682,176,1296,45212,722,5006,56,11994,0,11744,123098
UTTAR PRADESH,2005,179643689,38521774.4,141121914.6,94331425.4,85312263.6,110459311,68909106,41512947,61.49%,73.05%,48.66%,240928,244216,11422,11274,3040,2434,0,2434,5910,4512,1398,572,178,4098,9112,41390,17294,24096,7852,5048,9112,522,796,20758,3128,3670,5762,9010,0,14812,74316
BIHAR,2005,91438886.2,9912286.4,81526599.8,47657539.8,43781346.4,48680234,33394591,17837396,53.24%,70.07%,40.74%,94163,195700,6942,6614,518,2294,0,2294,5386,1858,3528,2424,330,4748,6234,21624,4268,17356,15342,2362,3658,100,1520,23878,2028,902,26,3148,148,5360,80114
SIKKIM,2005,568741.4,97353.2,471388.2,302318.4,266423,423007,243844,178823,74.38%,80.66%,67.12%,7096,1104,16,32,4,36,0,36,6,4,2,4,0,8,170,162,10,152,38,8,88,4,6,198,0,76,0,8,0,106,134
ARUNACHAL PRADESH,2005,1212271.6,263676.2,948595.4,633529.4,578742.2,715192,427392,287195,59.00%,67.46%,49.62%,83743,4608,162,74,10,70,0,70,116,78,38,46,0,154,526,1062,238,824,46,72,56,8,26,766,0,134,0,18,0,138,1124
NAGALAND,2005,1985422.4,434058.6,1551363.8,1038144.2,947278.2,1431212,790671,640322,72.09%,76.16%,67.60%,16579,2098,174,52,16,34,0,34,52,18,34,24,0,160,186,588,194,394,16,34,82,10,8,70,0,14,0,0,0,74,504
MANIPUR,2005,2518655.2,679242.4,1839412.8,1272605.6,1246049.6,1815900,1020044,796525,72.10%,80.15%,63.92%,22327,5826,512,504,8,50,0,50,212,138,74,8,0,16,124,486,184,302,70,104,244,20,310,590,0,50,0,40,0,10,2468
MIZORAM,2005,972026.2,493312,478714.2,497601,474425.2,871188,456569,414581,89.63%,91.75%,87.39%,21081,4312,48,48,10,74,0,74,26,0,26,6,0,12,884,1554,0,1554,70,22,116,10,40,154,8,98,8,0,0,8,1116
TRIPURA,2005,3389088.6,712031.2,2677057.4,1735085.4,1654003.2,2680227,1490334,1196473,79.08%,85.89%,72.34%,10486,6712,242,112,2,324,0,324,170,86,84,44,0,122,340,650,124,526,296,64,118,32,70,858,68,322,2,878,0,376,1622
MEGHALAYA,2005,2578048.8,510646.6,2067402.2,1302385,1275663.8,1746834,912503,834310,67.76%,70.06%,65.40%,22429,3760,268,70,4,126,0,126,96,38,58,162,2,190,296,952,232,720,84,36,78,6,140,270,2,88,0,6,0,122,762
ASSAM,2005,28475547.2,3822960.8,24652586.4,14641999.4,13833547.8,19205048,10878713,8317559,67.44%,74.30%,60.13%,78438,84012,2388,1006,234,2476,0,2476,3502,2912,590,668,44,902,4510,12738,1910,10828,5520,974,1746,206,846,11812,198,1798,38,4412,6,5390,22598
WEST BENGAL,2005,84616164.2,25093551.4,59522612.8,43603201.8,41012962.4,60987947,34544201,26391021,72.08%,79.22%,64.35%,88752,132812,2906,868,816,3372,0,3372,2414,2078,336,422,2442,852,1478,24248,4870,19378,5270,1056,3520,214,184,8250,892,3144,108,13872,122,5474,50888
JHARKHAND,2005,29362751,6769469,22593282,15103148.2,14259602.8,17336355,10798751,6530328,59.04%,71.50%,45.80%,79716,70350,3046,2168,174,1506,10,1496,1242,566,676,1184,98,1464,3220,12390,2362,10028,5048,486,1286,38,404,6156,514,586,72,1180,8,2980,25100
ODISHA,2005,38872483.2,6111805.2,32760678,19681196.4,19191286.8,26166623,15391876,10782816,67.31%,78.21%,56.19%,155707,103370,2158,2558,96,1598,0,1598,1282,1094,188,368,100,1996,6058,13486,3252,10234,3030,602,2080,62,772,11838,668,4476,368,3342,0,6068,40364
CHHATTISGARH,2005,22718361,4886343,17832018,11417688.8,11300672.2,15271282,8999879,6275941,67.22%,78.82%,55.54%,135192,87266,2026,1320,82,1980,0,1980,492,368,124,408,50,802,7242,11200,3238,7962,1786,220,862,146,428,7468,200,2900,264,1464,0,4008,41918
MADHYA PRADESH,2005,65259537.4,17608049,47651488.4,33911113.6,31348423.8,43197898,26305529,16885515,66.19%,77.57%,53.86%,308252,378344,4810,5024,268,5842,0,5842,1694,1208,486,294,260,3114,22384,41370,12780,28590,5146,1226,2584,102,1634,67606,1478,12852,1584,5978,6,9186,183902
GUJARAT,2005,54578487,21656183.2,32922303.8,28427850.2,26150636.8,39948178,23481404,16483269,73.19%,82.60%,63.03%,196244,226828,2066,904,54,648,0,648,2328,1832,496,564,30,1932,10664,35928,14166,21762,3256,2740,3082,894,640,21006,96,1604,208,8180,0,8240,121764
Daman and Diu,2005,192221.2,107549.2,84672,115627.6,76593.6,160493,103667,56711,83.49%,89.66%,74.04%,111,486,10,4,0,4,0,4,8,4,4,8,0,0,74,100,54,46,38,12,6,14,2,32,2,2,0,6,0,48,116
Dadra and Nagar Haveli,2005,269777.6,94515.8,175261.8,150503.6,119274,179548,117483,61452,66.55%,78.06%,51.52%,491,868,14,10,0,10,0,10,26,18,8,6,0,4,50,148,34,114,36,24,20,8,2,66,0,10,0,10,0,34,390
MAHARASHTRA,2005,103076909.4,44987891.6,58089017.8,53537580,49539329.4,81737928,46638727,35100596,79.30%,87.11%,70.85%,307713,374054,5242,3228,196,3090,0,3090,2388,1702,686,1282,614,4822,31230,93702,24378,69324,13558,3440,12782,770,2246,60034,682,6456,1838,12466,0,19216,94772
ANDHRA PRADESH,2005,79558315,23772994,55785321,40093306.2,39465008.8,50498845,29052412,21453968,63.47%,72.46%,54.36%,275045,314246,5500,3448,222,1870,2,1868,3224,1990,1234,500,8,1588,15908,47556,10930,36626,4052,1896,15818,514,1934,84358,886,7190,5016,17392,6,19946,75414
KARNATAKA,2005,56148456,20227302.2,35921153.8,28526013.6,27622442.4,39510546,22467659,17043599,70.37%,78.76%,61.70%,191791,235160,3218,2812,160,686,0,686,1178,624,554,416,238,2404,11972,34016,11840,22176,12302,868,5818,266,476,41766,522,3170,142,3766,0,486,108478
GOA,2005,1392018.8,765071.8,626947,708004.8,684014,1181434,639951,541534,84.87%,90.39%,79.17%,3702,4238,90,30,10,40,0,40,34,24,10,4,0,56,530,990,370,620,90,100,116,12,24,310,4,60,16,22,0,418,1282
LAKSHADWEEP,2005,62179.2,36313,25866.2,31927.8,30251.4,55496,30049,25446,89.25%,94.11%,84.12%,30,84,2,0,0,0,0,0,0,0,0,0,0,0,4,14,0,14,12,0,0,0,0,8,0,0,0,0,0,0,44
KERALA,2005,32467248.8,11334125.4,21133123.4,15692133.2,16775115.6,29919219,14901877,14954009,92.15%,94.96%,89.14%,38852,208700,776,682,176,956,0,956,452,258,194,220,316,1242,8220,10908,3938,6970,13070,722,6522,158,912,36604,42,4678,350,6566,0,68,115060
TAMIL NADU,2005,66302219.4,30457374.8,35844844.6,33295735.4,33006484,50467923,28003711,22479396,76.12%,84.11%,68.11%,130060,324720,2880,3518,56,1142,2,1140,2058,1566,492,146,0,874,7476,31702,7166,24536,5102,478,5388,80,990,63450,430,3528,1330,3300,0,17804,172988
PUDUCHERRY,2005,1083788.2,730272.6,353515.6,537181,546607.2,902080,482593,419499,83.23%,89.84%,76.75%,490,9150,38,48,16,12,0,12,12,6,6,2,0,10,134,932,470,462,318,16,82,0,18,1714,8,120,52,12,0,448,5158
Andaman and Nicobar,2005,365923.6,127114,238809.6,196931.6,168992,305034,172807,132060,83.36%,87.75%,78.15%,8249,1364,28,6,6,8,0,8,4,2,2,0,0,8,136,184,12,172,8,16,26,0,12,158,0,22,2,10,0,6,724
Jammu and Kashmir,2006,11342501,2974940,8367561,6000794,5341707,6897375,4275566,2624114,60.81%,71.25%,49.13%,222236,41574,974,1708,80,500,0,500,1578,1446,132,20,0,224,2702,3874,1108,2766,2394,246,926,70,406,752,20,1920,694,270,0,444,21772
HIMACHAL PRADESH,2006,6471251,642066.5,5829184.5,3284906.5,3186344.5,5174736,2883327,2294327,79.97%,87.78%,72.01%,55673,26186,222,156,40,226,0,226,260,218,42,14,0,58,1508,1624,428,1196,1132,274,258,8,230,2522,6,550,62,518,0,998,15520
PUNJAB,2006,26051168.5,9330828.5,16720340,13812255,12238913.5,18989999,10778393,8217207,72.90%,78.04%,67.14%,50362,64136,1634,1796,330,884,0,884,1182,836,346,70,180,284,4554,7892,3122,4770,6,562,6786,132,136,10208,260,628,120,1602,4,5838,19048
CHANDIGARH,2006,978042.5,917487,60555.5,543800.5,434242,820627,477566,342704,83.91%,87.82%,78.92%,114,6252,24,42,16,38,0,38,130,114,16,2,6,68,378,2468,1058,1410,88,118,464,6,10,110,20,40,26,204,0,28,1966
UTTARAKHAND,2006,5719968,1718625.5,4001342.5,2912324.5,2807643.5,4321436,2496008,1828759,75.55%,85.71%,65.14%,53483,16824,548,430,80,294,0,294,424,366,58,62,4,314,940,3392,1050,2342,978,190,1028,28,78,1708,160,306,226,716,0,1048,3870
Hariyana,2006,23248013,7478703.5,15769309.5,12429343.5,10818669.5,16754843,10149180,6612912,72.07%,81.66%,61.13%,44212,101018,1746,1170,118,1216,0,1216,1270,862,408,208,448,820,8002,21036,12600,8436,2284,1500,2848,70,312,10270,510,972,982,4508,0,2700,38028
Delhi,2006,15319224,14637339.5,681884.5,8297280,7021944,12870446,7397440,5468690,84.02%,89.16%,77.88%,1483,115926,952,1020,150,1246,0,1246,2884,2132,752,28,400,1082,3900,34996,18732,16264,174,884,4626,84,66,3636,274,1436,288,3456,0,734,53610
RAJASTHAN,2006,62527812.5,15131230,47396582.5,32485504,30042308.5,39748930,25281843,14489405,63.57%,77.83%,48.23%,342239,283984,2418,3388,158,2170,0,2170,3940,3106,834,74,194,1262,10170,35778,14552,21226,3534,1388,20382,112,1102,42592,788,5164,62,14076,6,12468,122758
UTTAR PRADESH,2006,183005131,39517322.5,143487808.5,96022939.5,86982191.5,114414808,70821719,43560682,62.52%,73.76%,50.08%,240928,254002,10960,9994,3086,2628,0,2628,6636,5102,1534,436,172,4048,9154,40894,19242,21652,7548,5018,10284,556,598,20824,3596,4192,5428,10408,0,14470,83072
BIHAR,2006,93548980.5,10219908,83329072.5,48760976,44788004.5,51138550,34259462,19050578,54.67%,70.26%,42.54%,94163,201330,6498,6606,652,2464,0,2464,5238,2168,3070,2002,280,4338,7062,23504,4046,19458,16518,2108,4342,194,1570,25348,2376,1060,106,3378,84,5720,79882
SIKKIM,2006,575714,106724,468990,305777,269937,434952,249636,185001,75.55%,81.64%,68.54%,7096,1406,42,32,4,40,0,40,16,14,2,0,0,18,168,226,16,210,24,20,74,2,2,192,0,28,0,12,0,78,428
ARUNACHAL PRADESH,2006,1240847.5,272625,968222.5,646926.5,593921,745253,441915,302722,60.06%,68.31%,50.97%,83743,4588,120,66,6,74,0,74,150,102,48,56,0,148,514,902,148,754,12,122,76,18,40,830,2,126,4,28,0,164,1130
NAGALAND,2006,1984269,456876.5,1527392.5,1035895,948374,1455064,800332,654520,73.33%,77.26%,69.02%,16579,2206,246,92,16,46,0,46,62,6,56,32,0,168,140,654,226,428,14,36,74,20,32,100,0,6,4,6,0,56,402
MANIPUR,2006,2574845,705061,1869784,1300269,1274576,1877191,1049642,828219,72.91%,80.73%,64.98%,22327,5768,410,530,8,80,0,80,260,158,102,4,54,16,110,580,210,370,120,80,164,18,218,592,0,84,0,20,0,6,2414
MIZORAM,2006,992889.5,506388.5,486501,507224,485665.5,892707,466748,425929,89.91%,92.02%,87.70%,21081,4146,50,38,14,144,0,144,12,2,10,14,0,20,844,1516,120,1396,0,60,156,20,50,144,0,102,0,2,0,52,908
TRIPURA,2006,3436560,753601.5,2682958.5,1758300.5,1678259.5,2764369,1529721,1243087,80.44%,87.00%,74.07%,10486,7880,308,104,2,378,0,378,210,124,86,36,2,142,364,784,62,722,308,46,168,24,70,928,70,414,0,942,0,398,2182
MEGHALAYA,2006,2642855.5,524780.5,2118075,1333959.5,1308896,1820135,947712,872379,68.87%,71.05%,66.65%,22429,3870,314,84,16,148,0,148,114,50,64,114,8,130,280,940,270,670,14,32,166,14,56,276,12,114,0,26,0,136,876
ASSAM,2006,28930552,3918891,25011661,14858240,14072312,19740762,11127336,8605219,68.24%,74.89%,61.15%,78438,87346,2414,828,64,2488,0,2488,3650,3088,562,638,24,1088,5822,15640,2724,12916,5368,922,1810,196,976,10580,210,2580,20,5096,0,6044,20888
WEST BENGAL,2006,85726156,25760126.5,59966029.5,44137506,41588650,62400069,35148903,27190659,72.79%,79.64%,65.38%,88752,136104,2850,1344,802,3462,0,3462,2710,2398,312,354,2526,852,1202,25064,5428,19636,4770,1038,3894,270,222,12598,890,3674,126,14828,2,6078,46548
JHARKHAND,2006,29966981.5,6963401,23003580.5,15407676,14559305.5,18061100,11153617,6901111,60.27%,72.39%,47.40%,79716,72728,2984,2156,194,1598,0,1598,1270,820,450,1072,90,1558,2856,12346,2292,10054,5300,638,1666,68,356,6110,562,828,88,1336,10,2308,27334
ODISHA,2006,39389439,6260447,33128992,19936353,19453086,26879353,15703865,11183579,68.24%,78.77%,57.49%,155707,105584,2318,1504,72,1970,0,1970,1408,1154,254,478,152,2368,6240,13134,3142,9992,3070,626,2728,32,742,12452,914,4830,494,1388,24,5890,42750
CHHATTISGARH,2006,23189500.5,5061492,18128008.5,11653556.5,11535944,15706249,9213884,6497044,67.73%,79.07%,56.32%,135192,90354,2196,1650,30,1990,0,1990,478,356,122,320,48,878,7014,10524,3246,7278,1810,274,1014,66,524,13444,206,3196,286,1434,2,4478,38492
MADHYA PRADESH,2006,66487416,18018275,48469141,34527979,31959437,44357080,26850683,17500988,66.72%,77.77%,54.76%,308252,389422,4618,4740,276,5800,0,5800,1616,1234,382,302,242,3540,21920,43466,15104,28362,4616,1038,3044,76,1630,69418,1528,12486,1524,5978,0,9646,191918
GUJARAT,2006,55555354.5,22337666.5,33217688,28938418.5,26616936,41110962,24055060,17072103,74.00%,83.13%,64.14%,196244,241944,2330,942,48,708,0,708,2256,1890,366,580,24,1940,11060,36950,14376,22574,3068,2492,3058,392,642,21370,100,1472,276,9954,0,8678,133604
Daman and Diu,2006,200725.5,120099.5,80626,121406.5,79319,168800,109229,59458,84.10%,89.97%,74.96%,111,576,12,6,0,6,0,6,6,2,4,16,0,2,120,126,66,60,48,18,6,8,10,36,0,4,0,4,0,52,96
Dadra and Nagar Haveli,2006,282099.5,105529,176570.5,157713,124386.5,192350,124980,66740,68.19%,79.25%,53.66%,491,870,18,0,2,12,0,12,36,28,8,10,0,10,82,122,26,96,16,60,20,2,10,70,2,10,2,10,0,32,344
MAHARASHTRA,2006,104626480,45959619.5,58666860.5,54321826,50304654,83497162,47436535,36063406,79.81%,87.33%,71.69%,307713,383576,5312,3360,200,3000,2,2998,2522,1842,680,1326,646,5148,31754,92946,25482,67464,14906,3452,12468,634,2376,58814,774,6958,1968,13476,2,21866,99668
ANDHRA PRADESH,2006,80395392,24514007.5,55881384.5,40484779.5,39910612.5,51505308,29499235,22014694,64.07%,72.87%,55.16%,275045,347818,5532,3720,246,2098,2,2096,4060,2658,1402,356,6,1358,16608,47020,10626,36394,5832,2014,16726,648,2024,95892,1038,9068,4822,18328,0,22978,87444
KARNATAKA,2006,56972929.5,20793745.5,36179184,28932787.5,28040142,40564726,22966847,17599395,71.20%,79.38%,62.77%,191791,235420,3254,2968,136,800,0,800,1126,656,470,404,494,2698,11934,29802,11518,18284,12366,942,5820,278,536,38976,488,3366,76,4258,0,1068,113630
GOA,2006,1403106.5,788695.5,614411,713194,689912.5,1199796,647331,552516,85.51%,90.77%,80.09%,3702,4408,78,34,2,42,0,42,32,20,12,14,0,34,504,988,446,542,126,70,110,18,76,340,0,36,14,28,0,466,1396
LAKSHADWEEP,2006,62561.5,38649.5,23912,32127,30434.5,56108,30313,25795,89.69%,94.36%,84.76%,30,160,0,4,0,0,0,0,0,0,0,0,0,0,4,34,2,32,24,0,0,0,8,10,0,0,0,2,0,0,74
KERALA,2006,32623717.5,12100925.5,20522792,15748013,16875704.5,30163889,14985022,15097849,92.46%,95.16%,89.47%,38852,210510,786,694,174,1202,0,1202,588,404,184,258,250,1382,8490,10862,4028,6834,12730,598,6632,136,870,38210,50,5086,444,7416,0,98,113554
TAMIL NADU,2006,67276354.5,31200719,36075635.5,33769442,33506912.5,51654785,28552063,23118094,76.78%,84.55%,69.00%,130060,297944,2726,3198,40,914,0,914,1812,1436,376,190,8,900,6600,27302,5754,21548,3676,388,4232,126,920,28134,374,2358,1704,2496,0,21584,188262
PUDUCHERRY,2006,1111149,750686,360463,549736,561413,929698,495175,434534,83.67%,90.08%,77.40%,490,9374,60,48,6,18,0,18,36,26,10,4,0,6,168,1120,640,480,388,12,72,4,44,1854,6,112,78,38,0,418,4882
Andaman and Nicobar,2006,368366.5,129843,238523.5,197921.5,170445,309078,174507,134413,83.91%,88.17%,78.86%,8249,1352,8,8,2,12,0,12,10,10,0,0,0,10,164,202,12,190,20,6,30,8,18,156,0,28,8,14,0,4,644
Jammu and Kashmir,2007,11582261.2,3066600.4,8515660.8,6128767.6,5453493.6,7190268,4434163,2758704,62.08%,72.35%,50.59%,222236,42886,636,1338,46,576,0,576,1516,1414,102,36,0,222,2920,4172,1028,3144,2418,242,978,62,372,748,18,1972,706,352,0,486,23070
HIMACHAL PRADESH,2007,6549921.2,651363.6,5898557.6,3324299.8,3225621.4,5274783,2929572,2347930,80.53%,88.13%,72.79%,55673,28444,254,114,18,318,0,318,342,300,42,10,0,46,1754,2184,528,1656,1298,264,424,22,282,2636,16,644,66,684,0,1194,15874
PUNJAB,2007,26389602.4,9544492,16845110.4,13977697,12411905.4,19392135,10974729,8422471,73.48%,78.52%,67.86%,50362,71586,1520,1786,340,1038,0,1038,1520,1090,430,74,184,276,5232,10346,4168,6178,2,658,7162,136,192,11326,266,854,96,1942,0,5602,21034
CHANDIGARH,2007,993524,939281.4,54242.6,551173,442351,837879,486432,351112,84.33%,88.25%,79.37%,114,7286,38,52,16,44,0,44,104,92,12,4,0,74,382,3480,1706,1774,158,76,340,4,18,156,2,64,22,224,0,30,1998
UTTARAKHAND,2007,6593232.8,1984768,4608464.8,3357414.2,3235818.6,5024307,2888853,2139200,76.20%,86.04%,66.11%,53483,19198,536,456,100,234,0,234,506,454,52,92,12,346,1096,3186,1130,2056,918,326,1394,78,74,1772,140,292,126,926,0,1216,5372
Hariyana,2007,23668702.8,7751383.4,15917319.4,12642421.6,11026281.2,17222768,10383979,6845997,72.77%,82.14%,62.09%,44212,103194,1822,1184,144,976,0,976,1602,1108,494,278,532,1004,8462,22094,12998,9096,2346,1452,2464,66,284,10062,538,834,818,4824,0,3090,38318
Delhi,2007,15612967.4,14983651.4,629316,8435289.2,7177678.2,13185775,7550596,5631319,84.45%,89.51%,78.46%,1483,112130,990,1060,188,1196,0,1196,3376,2334,1042,68,458,1114,4110,34074,17748,16326,174,902,4672,82,62,3472,276,1736,334,3574,0,504,49708
RAJASTHAN,2007,63731937.4,15514601,48217336.4,33098602.6,30633334.8,40838151,25849347,15012785,64.08%,78.10%,49.01%,342239,297740,2606,3544,128,2476,0,2476,4354,3388,966,142,162,1556,10328,38690,16516,22174,3252,1650,23838,112,1350,39440,878,4954,56,16340,0,14192,127692
UTTAR PRADESH,2007,186366573,40512870.6,145853702.4,97714453.6,88652119.4,118439684,72758182,45655841,63.55%,74.46%,51.50%,240928,300516,10000,8848,3232,3296,0,3296,8956,6726,2230,874,164,4338,10114,45632,21718,23914,8990,7278,16798,674,536,21388,4152,5044,5764,15300,0,15310,103828
BIHAR,2007,95659074.8,10527529.6,85131545.2,49864412.2,45794662.6,53657088,35128481,20299858,56.09%,70.45%,44.33%,94163,218840,6068,6226,514,3110,0,3110,5060,2520,2540,1372,156,3574,6518,23590,4784,18806,15924,2652,4716,158,1730,32576,2344,1706,24,3270,112,7578,89862
SIKKIM,2007,582686.6,116094.8,466591.8,309235.6,273451,447060,255497,191279,76.72%,82.62%,69.95%,7096,1334,18,28,6,48,0,48,18,18,0,0,0,12,166,236,22,214,30,14,68,6,2,190,0,26,0,14,0,68,384
ARUNACHAL PRADESH,2007,1269423.4,281573.8,987849.6,660323.6,609099.8,775922,456667,318657,61.12%,69.16%,52.32%,83743,4572,136,58,4,96,0,96,136,88,48,32,0,150,480,1026,232,794,32,82,66,20,44,750,0,144,2,40,0,164,1110
NAGALAND,2007,1983115.6,479694.4,1503421.2,1033645.8,949469.8,1478889,809944,668750,74.57%,78.36%,70.43%,16579,2360,222,100,16,26,0,26,34,12,22,14,0,150,236,720,388,332,30,26,68,16,10,104,0,16,2,0,0,86,484
MANIPUR,2007,2631034.8,730879.6,1900155.2,1327932.4,1303102.4,1939388,1079556,860517,73.71%,81.30%,66.04%,22327,6518,480,754,4,40,0,40,300,166,134,6,292,22,140,908,300,608,140,38,186,8,126,754,0,140,0,30,0,2,2148
MIZORAM,2007,1013752.8,519465,494287.8,516847,496905.8,914344,476977,437347,90.19%,92.29%,88.01%,21081,4166,86,42,8,166,0,166,8,0,8,0,0,10,914,1616,128,1488,2,40,132,32,76,170,0,132,0,4,0,68,660
TRIPURA,2007,3484031.4,795171.8,2688859.6,1781515.6,1702515.8,2849798,1569622,1290541,81.80%,88.11%,75.80%,10486,8546,276,116,4,314,0,314,226,162,64,28,4,128,386,822,110,712,284,84,170,20,46,1092,72,488,8,1090,0,406,2482
MEGHALAYA,2007,2707662.2,538914.4,2168747.8,1365534,1342128.2,1894876,983540,911278,69.98%,72.03%,67.90%,22429,4158,228,98,16,164,0,164,104,44,60,110,2,112,406,1000,182,818,66,34,328,24,72,248,4,90,2,38,0,136,876
ASSAM,2007,29385556.8,4014821.2,25370735.6,15074480.6,14311076.2,20283674,11378519,8897769,69.03%,75.48%,62.17%,78438,90564,2748,902,218,2874,0,2874,3942,2942,1000,598,24,992,5206,15508,3964,11544,5202,1306,1790,230,760,10350,200,1578,20,6000,0,5750,24366
WEST BENGAL,2007,86836147.8,26426701.6,60409446.2,44671810.2,42164337.6,63828042,35757997,28002180,73.50%,80.05%,66.41%,88752,162204,3304,1754,788,4212,0,4212,3600,3180,420,292,2300,854,798,27494,4842,22652,7454,1344,4812,254,242,13818,902,4562,198,19800,10,7606,55806
JHARKHAND,2007,30571212,7157333,23413879,15712203.8,14859008.2,18800684,11513903,7281508,61.50%,73.28%,49.00%,79716,76978,3234,2152,184,1710,0,1710,1524,1068,456,1048,80,1542,2990,14182,3568,10614,5130,896,1628,38,320,7566,606,684,30,1602,0,2038,27794
ODISHA,2007,39906394.8,6409088.8,33497306,20191509.6,19714885.2,27601657,16018732,11591170,69.17%,79.33%,58.79%,155707,109744,2420,2210,44,1878,0,1878,1602,1320,282,494,84,2546,6146,13660,3466,10194,3966,638,2526,60,822,14956,922,5550,482,1456,0,7542,39740
CHHATTISGARH,2007,23660640,5236641,18423999,11889424.2,11771215.8,16146021,9429027,6721835,68.24%,79.31%,57.10%,135192,91690,2194,1494,52,1964,0,1964,488,362,126,230,26,854,7264,10762,3628,7134,1762,300,934,128,506,13602,200,3098,222,1648,0,4952,39010
MADHYA PRADESH,2007,67715294.6,18428501,49286793.6,35144844.4,32570450.2,45529055,27398218,18127410,67.24%,77.96%,55.66%,308252,404772,4488,4846,310,6020,0,6020,1844,1402,442,286,218,3950,22460,44792,17830,26962,5296,1062,3322,76,1818,73286,1484,13544,1560,6588,0,11508,196014
GUJARAT,2007,56532222,23019149.8,33513072.2,29448986.8,27083235.2,42289494,24634077,17671269,74.81%,83.65%,65.25%,196244,246390,2332,988,42,632,0,632,2624,2178,446,490,20,2190,9740,36328,16044,20284,3336,2278,2232,572,660,21978,84,1644,240,11654,0,9662,136664
Daman and Diu,2007,209229.8,132649.8,76580,127185.4,82044.4,177209,114828,62254,84.70%,90.28%,75.88%,111,520,24,14,0,2,0,2,2,2,0,6,2,4,92,86,56,30,62,10,12,12,6,40,2,0,0,6,0,64,74
Dadra and Nagar Haveli,2007,294421.4,116542.2,177879.2,164922.4,129499,205553,132647,72245,69.82%,80.43%,55.79%,491,850,20,4,0,14,0,14,18,12,6,2,0,6,56,174,38,136,78,34,20,2,20,50,0,0,0,6,0,24,322
MAHARASHTRA,2007,106176050.6,46931347.4,59244703.2,55106072,51069978.6,85272110,48237651,37039013,80.31%,87.54%,72.53%,307713,391414,5386,3230,226,2902,0,2902,2624,1934,690,1432,810,5540,31214,95362,27790,67572,15986,3430,12470,540,2534,59244,872,6612,2078,14712,0,23892,100318
ANDHRA PRADESH,2007,81232469,25255021,55977448,40876252.8,40356216.2,52521665,29949213,22582531,64.66%,73.27%,55.96%,275045,350174,5330,3770,270,2140,0,2140,4194,3128,1066,340,12,1228,15354,48782,12366,36416,3996,1738,16206,448,2352,92244,1226,8812,6632,22670,0,25258,87172
KARNATAKA,2007,57797403,21360188.8,36437214.2,29339561.4,28457841.6,41632625,23471062,18164071,72.03%,80.00%,63.83%,191791,241212,3076,2502,110,872,2,870,1360,780,580,356,484,2626,10898,28702,11774,16928,11566,800,7200,248,524,37926,502,3656,56,5014,0,1028,121706
GOA,2007,1414194.2,812319.2,601875,718383.2,695811,1218300,654749,563607,86.15%,91.14%,81.00%,3702,4958,66,46,14,40,0,40,24,14,10,14,0,44,584,988,414,574,140,72,110,20,48,300,4,40,14,28,0,494,1868
LAKSHADWEEP,2007,62943.8,40986,21957.8,32326.2,30617.6,56724,30579,26146,90.12%,94.60%,85.39%,30,112,0,4,0,2,0,2,0,0,0,0,0,0,4,40,4,36,2,0,0,0,0,0,0,4,0,4,0,0,52
KERALA,2007,32780186.2,12867725.6,19912460.6,15803892.8,16976293.4,30409523,15068380,15242335,92.77%,95.35%,89.79%,38852,217060,734,804,184,1024,0,1024,510,354,156,242,314,1738,8200,11218,4226,6992,14716,788,8430,108,796,37950,54,5248,524,7998,0,118,115362
TAMIL NADU,2007,68250489.6,31944063.2,36306426.4,34243148.6,34007341,52854544,29104622,23765690,77.44%,84.99%,69.88%,130060,345508,3266,4156,56,1046,0,1046,2540,2194,346,176,66,990,7434,26434,5802,20632,4750,522,5020,148,1306,33934,416,3080,1750,3952,0,22970,221496
PUDUCHERRY,2007,1138509.8,771099.4,367410.4,562291,576218.8,957555,507816,449762,84.11%,90.31%,78.05%,490,10108,68,84,4,18,0,18,40,28,12,2,4,16,172,1574,996,578,290,12,90,2,36,1808,4,178,64,34,0,534,5074
Andaman and Nicobar,2007,370809.4,132572,238237.4,198911.4,171898,313149,176216,136786,84.45%,88.59%,79.57%,8249,1614,30,38,2,6,0,6,24,18,6,10,0,18,180,224,16,208,34,14,46,2,22,198,2,42,4,36,0,8,674
Jammu and Kashmir,2008,11822021.4,3158260.8,8663760.6,6256741.2,5565280.2,7489251,4595576,2896561,63.35%,73.45%,52.05%,222236,41208,474,1140,62,438,0,438,1408,1312,96,6,0,134,2694,4396,1378,3018,3564,174,784,46,460,546,42,1870,592,324,0,586,21468
HIMACHAL PRADESH,2008,6628591.4,660660.7,5967930.7,3363693.1,3264898.3,5375721,2976095,2402149,81.10%,88.48%,73.58%,55673,27952,258,118,10,314,0,314,302,274,28,12,0,40,1770,2304,664,1640,1254,274,496,22,254,2516,6,590,82,686,0,970,15674
PUNJAB,2008,26728036.3,9758155.5,16969880.8,14143139,12584897.3,19798258,11172656,8630219,74.07%,79.00%,68.58%,50362,70628,1538,1912,292,1034,0,1034,1436,1028,408,80,244,334,5242,11126,4364,6762,2,472,6384,156,150,11194,256,776,98,1968,0,5690,20244
CHANDIGARH,2008,1009005.5,961075.8,47929.7,558545.5,450460,855263,495363,359593,84.76%,88.69%,79.83%,114,7862,34,56,12,40,0,40,100,84,16,2,8,46,514,3982,2188,1794,170,74,426,0,4,146,6,38,4,98,0,22,2080
UTTARAKHAND,2008,7466497.6,2250910.5,5215587.1,3802503.9,3663993.7,5738601,3284717,2457990,76.86%,86.38%,67.09%,53483,17712,446,434,80,174,0,174,494,444,50,32,4,288,846,3244,1452,1792,1018,342,926,62,30,1874,146,240,612,680,0,1180,4560
Hariyana,2008,24089392.6,8024063.3,16065329.3,12855499.7,11233892.9,17696550,10620828,7083082,73.46%,82.62%,63.05%,44212,110688,1842,1232,184,1262,0,1262,1708,1288,420,240,514,1110,8498,25418,15348,10070,2368,1526,2300,80,278,9008,604,870,1210,4870,0,2646,42920
Delhi,2008,15906710.8,15329963.3,576747.5,8573298.4,7333412.4,13503684,7704738,5795742,84.89%,89.87%,79.03%,1483,98700,1108,778,132,932,0,932,3134,2272,862,48,268,1082,3852,37734,22040,15694,142,710,2986,82,82,3872,258,1222,260,2774,0,1452,35792
RAJASTHAN,2008,64936062.3,15897972,49038090.3,33711701.2,31224361.1,41939605,26420197,15545360,64.59%,78.37%,49.79%,342239,302348,2594,3298,108,2710,0,2710,4716,3726,990,128,154,1658,9472,40822,19714,21108,2780,1474,24194,102,1230,42234,878,5040,38,16226,0,14644,127848
UTTAR PRADESH,2008,189728015,41508418.7,148219596.3,99405967.7,90322047.3,122533941,74718496,47798427,64.58%,75.17%,52.92%,240928,337992,9128,8466,2986,3742,0,3742,10856,8878,1978,626,152,4194,10836,51892,24128,27764,8762,8592,18654,840,456,23366,4474,5910,6748,16624,0,20204,120484
BIHAR,2008,97769169.1,10835151.2,86934017.9,50967848.4,46801320.7,56235848,36001649,21585237,57.52%,70.64%,46.12%,94163,245338,6278,5908,772,2604,0,2604,6094,3578,2516,1372,120,3184,6828,26412,5350,21062,16198,2704,5482,138,1544,33288,2420,1998,42,3984,44,9184,108740
SIKKIM,2008,589659.2,125465.6,464193.6,312694.2,276965,459333,261425,197656,77.90%,83.60%,71.37%,7096,1460,18,14,6,40,0,40,8,8,0,2,0,14,162,254,18,236,34,12,92,0,46,200,0,38,0,10,0,80,430
ARUNACHAL PRADESH,2008,1297999.3,290522.6,1007476.7,673720.7,624278.6,807200,471645,335000,62.19%,70.01%,53.66%,83743,4748,144,74,4,84,0,84,158,94,64,28,0,158,490,890,120,770,36,86,56,2,20,958,0,144,2,26,0,208,1180
NAGALAND,2008,1981962.2,502512.3,1479449.9,1031396.6,950565.6,1502684,819506,683010,75.82%,79.46%,71.85%,16579,2404,286,94,26,38,0,38,88,14,74,12,0,174,254,690,364,326,8,32,62,8,28,92,0,30,2,8,0,88,384
MANIPUR,2008,2687224.6,756698.2,1930526.4,1355595.8,1331628.8,2002493,1109786,893416,74.52%,81.87%,67.09%,22327,6698,374,996,8,76,0,76,352,174,178,2,424,14,152,892,446,446,96,48,322,6,82,602,2,114,0,56,0,4,2076
MIZORAM,2008,1034616.1,532541.5,502074.6,526470,508146.1,936100,487259,448835,90.48%,92.55%,88.33%,21081,3978,70,20,12,154,0,154,18,2,16,8,0,12,676,1494,54,1440,2,68,114,30,36,236,0,156,0,10,0,106,756
TRIPURA,2008,3531502.8,836742.1,2694760.7,1804730.7,1726772.1,2936515,1610036,1338835,83.15%,89.21%,77.53%,10486,10672,310,106,4,408,0,408,292,220,72,26,6,190,436,998,86,912,394,84,184,46,94,1848,32,692,8,1470,0,390,2654
MEGHALAYA,2008,2772468.9,553048.3,2219420.6,1397108.5,1375360.4,1971059,1019987,951007,71.09%,73.01%,69.15%,22429,4636,252,110,12,176,0,176,112,50,62,126,0,130,336,1338,274,1064,16,64,208,20,56,408,4,108,8,64,0,128,960
ASSAM,2008,29840561.6,4110751.4,25729810.2,15290721.2,14549840.4,20833785,11632263,9195208,69.82%,76.07%,63.20%,78438,106666,2852,834,142,2876,0,2876,4478,3578,900,624,148,1136,6294,16024,4202,11822,5200,1360,1992,182,886,12214,206,2544,4,6956,0,4518,35196
WEST BENGAL,2008,87946139.6,27093276.7,60852862.9,45206114.4,42740025.2,65271866,36371483,28825583,74.22%,80.46%,67.44%,88752,210838,3622,3464,976,4526,0,4526,4664,3814,850,368,2110,1226,924,34668,5186,29482,10850,1752,5876,296,300,18066,902,4792,188,27326,10,7578,76354
JHARKHAND,2008,31175442.5,7351265,23824177.5,16016731.6,15158710.9,19555108,11879610,7671520,62.73%,74.17%,50.61%,79716,77372,3394,2122,224,1582,0,1582,1584,998,586,832,100,1522,2750,14538,4330,10208,5152,538,1800,48,328,5652,532,542,46,1702,78,2620,29686
ODISHA,2008,40423350.6,6557730.6,33865620,20446666.2,19976684.4,28333535,16336477,12005588,70.09%,79.90%,60.10%,155707,113510,2500,2830,168,2226,0,2226,1816,1524,292,610,134,2690,6200,14838,3950,10888,5442,684,2488,52,1738,14026,802,5564,564,3236,0,7070,37832
CHHATTISGARH,2008,24131779.5,5411790,18719989.5,12125291.9,12006487.6,16590598,9645306,6950316,68.75%,79.55%,57.89%,135192,102884,2338,1472,36,1956,0,1956,546,432,114,248,34,1000,8224,12158,4244,7914,2288,338,1124,142,604,17130,212,3242,250,1794,0,5600,42148
MADHYA PRADESH,2008,68943173.2,18838727,50104446.2,35761709.8,33181463.4,46713826,27948134,18764781,67.76%,78.15%,56.55%,308252,413112,4644,4564,408,5874,0,5874,1858,1472,386,320,248,4468,22144,49166,21066,28100,5536,1140,2736,94,1796,72688,1610,12890,1516,6370,0,12016,201026
GUJARAT,2008,57509089.5,23700633.1,33808456.4,29959555.1,27549534.4,43483773,25218456,18280769,75.61%,84.18%,66.36%,196244,247616,2212,974,70,748,0,748,2646,2238,408,512,28,2644,10106,41430,19894,21536,3618,2334,2334,380,726,21794,54,1656,244,12188,0,9868,131050
Daman and Diu,2008,217734.1,145200.1,72534,132964.3,84769.8,185721,120463,65100,85.30%,90.60%,76.80%,111,496,4,4,0,0,0,0,8,2,6,4,0,8,90,98,62,36,70,8,4,2,6,24,0,4,2,10,0,78,72
Dadra and Nagar Haveli,2008,306743.3,127555.4,179187.9,172131.8,134611.5,219159,140485,77968,71.45%,81.62%,57.92%,491,802,18,4,0,12,0,12,34,22,12,2,0,0,98,108,36,72,48,20,48,2,12,52,0,8,0,8,0,20,308
MAHARASHTRA,2008,107725621.2,47903075.3,59822545.9,55890318,51835303.2,87062770,49042077,38027415,80.82%,87.75%,73.36%,307713,412486,5590,3674,222,3116,0,3116,2758,1996,762,1622,548,6062,32008,105720,33800,71920,18776,3760,14592,810,2576,59484,780,7238,2182,15658,0,24944,100366
ANDHRA PRADESH,2008,82069546,25996034.5,56073511.5,41267726.1,40801819.9,53547917,30402346,23157481,65.25%,73.67%,56.76%,275045,358550,5380,3884,330,2514,0,2514,3940,2792,1148,220,22,1246,16664,50724,14594,36130,3860,1980,16786,758,2042,96334,1112,9460,7102,20612,0,25722,87858
KARNATAKA,2008,58621876.5,21926632.1,36695244.4,29746335.3,28875541.2,42714244,23980306,18737627,72.86%,80.62%,64.89%,191791,255080,3396,2950,162,892,0,892,1516,810,706,540,496,3230,12516,35640,17920,17720,12026,848,7338,236,530,38318,518,3908,88,5276,2,1144,123510
GOA,2008,1425281.9,835942.9,589339,723572.4,701709.5,1236945,662206,574805,86.79%,91.52%,81.92%,3702,5484,98,50,22,60,0,60,72,56,16,6,0,46,604,1202,476,726,204,94,210,44,54,370,4,64,24,24,0,460,1772
LAKSHADWEEP,2008,63326.1,43322.5,20003.6,32525.4,30800.7,57342,30846,26499,90.55%,94.84%,86.03%,30,190,2,0,0,4,0,4,2,2,0,0,0,0,6,16,2,14,24,0,0,0,4,24,0,0,0,2,0,0,106
KERALA,2008,32936654.9,13634525.7,19302129.2,15859772.6,17076882.3,30656121,15151951,15387466,93.08%,95.54%,90.11%,38852,221240,724,868,190,1136,0,1136,506,332,174,182,534,1632,7764,11636,3962,7674,16114,870,7318,92,778,38356,62,5490,516,8276,0,74,118122
TAMIL NADU,2008,69224624.7,32687407.4,36537217.3,34716855.2,34507769.5,54067201,29661387,24422184,78.10%,85.44%,70.77%,130060,353666,3518,4654,56,1146,0,1146,2750,2320,430,200,132,1324,7698,30038,7444,22594,5622,462,4698,1198,1220,41058,414,3410,1948,3296,0,24656,214168
PUDUCHERRY,2008,1165870.6,791512.8,374357.8,574846,591024.6,985650,520517,465184,84.54%,90.55%,78.71%,490,9978,70,70,6,16,0,16,34,18,16,20,6,20,180,1376,886,490,330,26,106,4,18,1746,4,130,42,24,0,414,5336
Andaman and Nicobar,2008,373252.3,135301,237951.3,199901.3,173351,317246,177932,139180,85.00%,89.01%,80.29%,8249,1764,16,22,4,24,0,24,34,26,8,0,0,28,156,256,22,234,32,24,38,2,30,214,4,48,6,52,0,8,766
Jammu and Kashmir,2009,12061781.6,3249921.2,8811860.4,6384714.8,5677066.8,7794323,4759805,3037685,64.62%,74.55%,53.51%,222236,43950,474,1094,46,474,0,474,1746,1650,96,2,0,138,3132,5262,1752,3510,2944,264,950,74,434,662,24,1944,742,392,0,1034,22118
HIMACHAL PRADESH,2009,6707261.6,669957.8,6037303.8,3403086.4,3304175.2,5477552,3022894,2456985,81.67%,88.83%,74.36%,55673,26630,250,146,26,366,0,366,300,244,56,8,0,42,1568,1646,654,992,1182,234,528,4,248,2460,2,636,74,568,0,1232,15110
PUNJAB,2009,27066470.2,9971819,17094651.2,14308581,12757889.2,20208368,11372174,8840452,74.66%,79.48%,69.29%,50362,71090,1706,2028,258,1022,0,1022,1384,1026,358,76,192,342,5014,11248,5426,5822,16,468,6196,126,202,10996,252,638,66,2122,0,6578,20160
CHANDIGARH,2009,1024487,982870.2,41616.8,565918,458569,872781,504357,368148,85.19%,89.12%,80.28%,114,7110,44,36,16,58,0,58,80,72,8,8,6,54,482,3462,2234,1228,132,76,386,8,8,126,4,52,4,102,0,14,1952
UTTARAKHAND,2009,8339762.4,2517053,5822709.4,4247593.6,4092168.8,6464317,3683598,2785130,77.51%,86.72%,68.06%,53483,17604,390,370,102,222,0,222,550,494,56,70,14,358,726,3202,1470,1732,932,312,1088,86,34,2396,188,238,498,722,0,1370,3736
Hariyana,2009,24510082.4,8296743.2,16213339.2,13068577.8,11441504.6,18176187,10859727,7324165,74.16%,83.10%,64.01%,44212,112458,1896,1380,156,1206,0,1206,1832,1318,514,306,594,1358,8154,25834,16898,8936,2332,1654,2812,70,306,7954,562,902,1210,5234,0,3098,43608
Delhi,2009,16200454.2,15676275.2,524179,8711307.6,7489146.6,13824172,7859864,5961960,85.33%,90.23%,79.61%,1483,100502,1104,738,168,938,0,938,5072,3310,1762,72,138,1030,3466,43462,26448,17014,114,666,4000,94,68,3876,282,1104,236,2566,0,1692,29616
RAJASTHAN,2009,66140187.2,16281343,49858844.2,34324799.8,31815387.4,43053293,26994396,16087132,65.09%,78.64%,50.56%,342239,333130,2790,3346,160,3038,0,3038,5740,4620,1120,106,114,1772,10588,44288,24312,19976,2290,1684,30074,118,1112,43304,872,4970,48,20742,0,15796,140178
UTTAR PRADESH,2009,193089457,42503966.8,150585490.2,101097481.8,91991975.2,126697578,76702659,49988439,65.62%,75.87%,54.34%,240928,345768,9068,8282,2878,3518,0,3518,12166,10156,2010,730,118,4570,10520,58452,32218,26234,8526,7834,17690,678,508,21868,4464,5564,5048,17132,0,24318,121836
BIHAR,2009,99879263.4,11142772.8,88736490.6,52071284.6,47807978.8,58874831,36878967,22906715,58.95%,70.82%,47.91%,94163,245862,6304,6136,486,1858,0,1858,6444,3972,2472,1308,128,3238,7132,30442,7348,23094,17108,2372,5352,138,1370,29492,2590,1452,24,5064,62,9032,108330
SIKKIM,2009,596631.8,134836.4,461795.4,316152.8,280479,471769,267421,204133,79.07%,84.59%,72.78%,7096,1338,38,14,6,36,0,36,12,12,0,0,0,8,186,124,16,108,78,8,24,4,18,182,0,20,0,12,0,118,450
ARUNACHAL PRADESH,2009,1326575.2,299471.4,1027103.8,687117.8,639457.4,839085,486850,351753,63.25%,70.85%,55.01%,83743,4724,118,66,10,118,0,118,124,56,68,40,0,110,402,762,218,544,104,76,58,16,56,1052,0,116,12,26,0,220,1238
NAGALAND,2009,1980808.8,525330.2,1455478.6,1029147.4,951661.4,1526451,829019,697301,77.06%,80.55%,73.27%,16579,2118,92,70,14,44,0,44,104,20,84,16,0,184,164,694,138,556,8,12,66,6,8,76,0,22,0,0,0,68,470
MANIPUR,2009,2743414.4,782516.8,1960897.6,1383259.2,1360155.2,2066504,1140331,926919,75.33%,82.44%,68.15%,22327,5704,262,956,4,62,0,62,318,194,124,2,376,6,136,788,566,222,96,40,192,2,162,448,0,78,4,50,0,0,1722
MIZORAM,2009,1055479.4,545618,509861.4,536093,519386.4,957974,497591,460394,90.76%,92.82%,88.64%,21081,4094,62,28,16,166,2,164,18,0,18,4,0,8,762,1522,154,1368,2,60,122,18,48,240,0,122,2,8,0,72,814
TRIPURA,2009,3578974.2,878312.4,2700661.8,1827945.8,1751028.4,3024520,1650964,1387970,84.51%,90.32%,79.27%,10486,10972,266,118,4,380,0,380,242,184,58,14,0,154,462,830,78,752,356,104,220,40,124,2094,58,768,10,1630,0,450,2648
MEGHALAYA,2009,2837275.6,567182.2,2270093.4,1428683,1408592.6,2048683,1057054,991565,72.21%,73.99%,70.39%,22429,4896,256,78,24,224,0,224,112,52,60,128,2,134,294,1090,360,730,36,52,226,18,108,414,0,144,2,48,2,144,1360
ASSAM,2009,30295566.4,4206681.6,26088884.8,15506961.8,14788604.6,21391094,11888567,9497538,70.61%,76.67%,64.22%,78438,110626,2646,834,70,3262,0,3262,5436,4184,1252,502,42,1360,6298,15288,3426,11862,3616,1604,2196,168,952,13094,340,2684,20,8796,2,5470,35946
WEST BENGAL,2009,89056131.4,27759851.8,61296279.6,45740418.6,43315712.8,66731540,36989362,29660867,74.93%,80.87%,68.48%,88752,226072,4136,4238,1862,4672,0,4672,5500,4374,1126,428,1448,1502,658,34266,7418,26848,13400,1836,6596,306,688,22392,1012,3884,216,32224,10,7246,77552
JHARKHAND,2009,31779673,7545197,24234476,16321259.4,15458413.6,20324372,12250737,8071147,63.95%,75.06%,52.21%,79716,74872,3272,2548,208,1438,0,1438,1654,1034,620,824,106,1560,2784,15432,5980,9452,4624,946,1820,30,406,8264,590,552,166,1420,12,3356,22860
ODISHA,2009,40940306.4,6706372.4,34233934,20701822.8,20238483.6,29074987,16657101,12426834,71.02%,80.46%,61.40%,155707,111480,2500,2462,96,2046,0,2046,1860,1598,262,760,126,2976,5874,14272,5042,9230,3436,516,2274,68,826,13632,768,5394,420,4094,2,5958,41120
CHHATTISGARH,2009,24602919,5586939,19015980,12361159.6,12241759.4,17039982,9862722,7182485,69.26%,79.79%,58.67%,135192,102740,2166,1464,38,1952,0,1952,572,458,114,268,32,1108,7950,11584,4362,7222,1914,332,1364,136,670,19086,256,3196,304,1786,0,5470,41092
MADHYA PRADESH,2009,70171051.8,19248953,50922098.8,36378575.2,33792476.6,47911391,28500431,19413102,68.28%,78.34%,57.45%,308252,415524,4772,4424,234,5996,2,5994,2072,1682,390,234,312,4540,21322,46520,21410,25110,4818,1150,3660,54,1482,74264,1716,12614,1456,7966,2,13182,202734
GUJARAT,2009,58485957,24382116.4,34103840.6,30470123.4,28015833.6,44693799,25808195,18900602,76.42%,84.70%,67.46%,196244,230366,2040,936,60,866,0,866,2696,2324,372,492,22,2840,8976,39338,22260,17078,3078,2512,2028,476,480,18912,48,1454,228,11012,0,10356,121516
Daman and Diu,2009,226238.4,157750.4,68488,138743.2,87495.2,194334,126134,67996,85.90%,90.91%,77.71%,111,552,10,8,2,2,0,2,0,0,0,0,0,8,66,82,54,28,58,16,8,6,6,28,0,8,2,6,0,80,156
Dadra and Nagar Haveli,2009,319065.2,138568.6,180496.6,179341.2,139724,233166,148495,83910,73.08%,82.80%,60.05%,491,884,20,10,2,8,0,8,24,18,6,18,0,4,86,126,42,84,106,34,40,2,10,46,0,4,2,6,0,34,302
MAHARASHTRA,2009,109275191.8,48874803.2,60400388.6,56674564,52600627.8,88869142,49849813,39028614,81.33%,87.96%,74.20%,307713,399196,5306,3760,196,2966,0,2966,2572,1852,720,1560,574,6628,31682,101860,36266,65594,16060,3790,15952,956,2210,56652,682,6392,2198,15362,0,24918,96920
ANDHRA PRADESH,2009,82906623,26737048,56169575,41659199.4,41247423.6,54584062,30858635,23739542,65.84%,74.07%,57.55%,275045,360882,4898,3718,268,2376,0,2376,3916,3052,864,204,54,1088,15544,49384,15608,33776,4522,1808,17056,922,2078,88976,1092,10294,7040,22594,0,26876,96174
KARNATAKA,2009,59446350,22493075.4,36953274.6,30153109.2,29293240.8,43809582,24494577,19320064,73.70%,81.23%,65.95%,191791,268084,3404,3214,158,1018,0,1018,1784,816,968,546,692,3650,13258,41152,22186,18966,12538,922,10158,342,586,40210,528,4372,128,6370,4,834,122216
GOA,2009,1436369.6,859566.6,576803,728761.6,707608,1255732,669703,586112,87.42%,91.90%,82.83%,3702,6010,106,48,22,94,0,94,66,44,22,8,0,60,588,1716,672,1044,100,104,264,54,48,382,6,74,20,42,0,440,1768
LAKSHADWEEP,2009,63708.4,45659,18049.4,32724.6,30983.8,57964,31114,26854,90.98%,95.08%,86.67%,30,268,0,2,0,2,0,2,0,0,0,6,0,0,2,20,10,10,88,0,0,0,4,28,0,0,0,0,0,0,116
KERALA,2009,33093123.6,14401325.8,18691797.8,15915652.4,17177471.2,30903683,15235736,15533244,93.38%,95.73%,90.43%,38852,236738,686,816,200,1136,0,1136,512,346,166,224,532,1660,7108,11128,4058,7070,16172,708,6788,132,1006,36548,40,5080,790,8014,0,82,137376
TAMIL NADU,2009,70198759.8,33430751.6,36768008.2,35190561.8,35008198,55292755,30222358,25087575,78.77%,85.88%,71.66%,130060,349382,3552,4650,52,1192,0,1192,2744,2266,478,194,68,2288,8442,31424,9946,21478,4794,430,5114,704,1160,36294,388,2484,1002,2920,0,27056,212430
PUDUCHERRY,2009,1193231.4,811926.2,381305.2,587401,605830.4,1013984,533278,480799,84.98%,90.79%,79.36%,490,9182,74,50,10,2,0,2,36,26,10,14,10,18,142,1422,1004,418,282,14,94,10,22,1802,0,106,32,20,0,466,4556
Andaman and Nicobar,2009,375695.2,138030,237665.2,200891.2,174804,321370,179657,141595,85.54%,89.43%,81.00%,8249,1882,30,8,8,36,0,36,32,28,4,0,0,22,172,268,20,248,22,14,40,4,24,178,2,60,14,42,0,4,902
Jammu and Kashmir,2010,12301541.8,3341581.6,8959960.2,6512688.4,5788853.4,8105486,4926849,3182075,65.89%,75.65%,54.97%,222236,46446,434,1422,52,490,0,490,1792,1680,112,12,0,122,2812,5020,1934,3086,4338,300,844,38,448,556,18,2076,524,422,0,988,23738
HIMACHAL PRADESH,2010,6785931.8,679254.9,6106676.9,3442479.7,3343452.1,5580275,3069969,2512437,82.23%,89.18%,75.15%,55673,26098,264,148,24,320,0,320,388,324,64,4,0,22,1486,1676,668,1008,1230,220,636,8,254,2748,4,700,156,550,0,1220,14040
PUNJAB,2010,27404904.1,10185482.5,17219421.6,14474023,12930881.1,20622464,11573284,9053168,75.25%,79.96%,70.01%,50362,73296,1814,1988,240,1092,0,1092,1578,1152,426,130,286,482,5322,10892,4934,5958,0,486,7054,150,202,9746,242,698,76,2326,0,6700,21792
CHANDIGARH,2010,1039968.5,1004664.6,35303.9,573290.5,466678,890431,513416,376777,85.62%,89.56%,80.74%,114,6746,42,60,18,62,0,62,76,56,20,10,12,134,472,2962,1796,1166,130,46,326,6,18,130,10,58,8,82,0,12,2072
UTTARAKHAND,2010,9213027.2,2783195.5,6429831.7,4692683.3,4520343.9,7201455,4085497,3120619,78.17%,87.06%,69.04%,53483,18480,352,438,120,242,0,242,572,498,74,24,4,324,620,4276,1742,2534,916,334,1134,66,34,1948,150,250,330,668,0,1476,4202
Hariyana,2010,24930772.2,8569423.1,16361349.1,13281655.9,11649116.3,18661680,11100675,7569246,74.85%,83.58%,64.98%,44212,118240,2010,1672,126,1440,0,1440,1926,1428,498,294,496,1468,8890,32532,22598,9934,2828,1838,3324,58,442,7466,568,952,1160,5440,0,3190,40120
Delhi,2010,16494197.6,16022587.1,471610.5,8849316.8,7644880.8,14147238,8015977,6129971,85.77%,90.58%,80.18%,1483,102584,1130,622,142,1014,0,1014,6416,3480,2936,64,62,1198,3004,46176,29932,16244,106,546,3690,66,104,3850,286,1202,160,2808,0,1828,28110
RAJASTHAN,2010,67344312.1,16664714,50679598.1,34937898.4,32406413.7,44179216,27571941,16638101,65.60%,78.92%,51.34%,342239,325914,2842,3114,208,3142,0,3142,5970,4954,1016,74,168,1744,9428,44648,26490,18158,1972,1578,33168,72,956,38494,924,4678,46,22290,0,15956,134442
UTTAR PRADESH,2010,196450899,43499514.9,152951384.1,102788995.9,93661903.1,130930595,78710674,52225877,66.65%,76.58%,55.76%,240928,348358,8802,8008,2802,3126,2,3124,12642,10936,1706,674,96,5154,9830,62306,36432,25874,8372,7634,19106,852,340,20672,4434,5586,22,15956,0,28944,123000
BIHAR,2010,101989357.7,11450394.4,90538963.3,53174720.8,48814636.9,61574035,37760433,24264292,60.37%,71.01%,49.71%,94163,254906,6724,5830,688,1590,0,1590,7348,5138,2210,1288,92,3076,6874,31088,8514,22574,17618,2142,6050,104,1320,30656,2514,1068,32,4542,16,11230,113016
SIKKIM,2010,603604.4,144207.2,459397.2,319611.4,283993,484368,273485,210709,80.25%,85.57%,74.20%,7096,1104,34,12,4,36,0,36,12,12,0,2,0,14,144,106,16,90,8,2,40,6,14,146,2,22,0,6,0,94,400
ARUNACHAL PRADESH,2010,1355151.1,308420.2,1046730.9,700514.9,654636.2,871579,502283,368914,64.32%,71.70%,56.35%,83743,4878,150,68,6,94,0,94,134,92,42,30,0,138,422,890,278,612,62,118,182,0,56,878,0,168,2,24,0,212,1244
NAGALAND,2010,1979655.4,548148.1,1431507.3,1026898.2,952757.2,1550189,838483,711624,78.31%,81.65%,74.69%,16579,2118,90,70,26,32,0,32,100,12,88,6,0,126,124,794,160,634,4,26,78,6,2,72,0,26,6,2,0,44,484
MANIPUR,2010,2799604.2,808335.4,1991268.8,1410922.6,1388681.6,2131423,1171193,961023,76.13%,83.01%,69.20%,22327,5430,184,516,2,68,0,68,398,214,184,0,392,4,132,834,508,326,130,48,118,14,172,454,0,62,0,36,0,2,1864
MIZORAM,2010,1076342.7,558694.5,517648.2,545716,530626.7,979967,507974,472024,91.05%,93.08%,88.96%,21081,4348,96,54,14,184,0,184,18,0,18,6,0,32,850,1646,138,1508,0,50,158,24,30,232,0,150,0,6,0,88,710
TRIPURA,2010,3626445.6,919882.7,2706562.9,1851160.9,1775284.7,3113811,1692405,1437945,85.86%,91.42%,81.00%,10486,11610,300,126,16,476,0,476,228,182,46,32,4,130,442,914,128,786,326,106,244,12,102,2272,50,752,18,1874,0,474,2712
MEGHALAYA,2010,2902082.3,581316.1,2320766.2,1460257.5,1441824.8,2127749,1094740,1032952,73.32%,74.97%,71.64%,22429,5010,268,120,16,298,0,298,142,74,68,84,2,134,332,1328,304,1024,14,74,196,8,104,308,0,96,0,48,0,106,1332
ASSAM,2010,30750571.2,4302611.8,26447959.4,15723202.4,15027368.8,21955600,12147432,9804757,71.40%,77.26%,65.25%,78438,123336,2446,862,92,3442,10,3432,6500,5534,966,496,24,1324,6916,15720,4248,11472,4366,1984,2742,136,874,11488,350,2800,40,10820,0,5694,44220
WEST BENGAL,2010,90166123.2,28426426.9,61739696.3,46274722.8,43891400.4,68207066,37611632,30508035,75.65%,81.28%,69.51%,88752,259232,4796,4222,1260,4622,0,4622,6690,5528,1162,576,1374,1596,776,38778,8246,30532,13618,2022,6520,428,662,25528,1014,4930,326,35592,16,5694,98192
JHARKHAND,2010,32383903.5,7739129,24644774.5,16625787.2,15758116.3,21108476,12627285,8480388,65.18%,75.95%,53.82%,79716,77778,3378,2056,164,1546,0,1546,1956,1392,564,670,38,1418,2714,14180,5418,8762,4894,1010,1976,32,370,8542,552,490,32,1300,16,3490,26954
ODISHA,2010,41457262.2,6855014.2,34602248,20956979.4,20500282.8,29826013,16980602,12854907,71.94%,81.03%,62.71%,155707,112918,2616,2872,62,2050,0,2050,2032,1824,208,692,234,2982,5710,15144,5254,9890,3558,644,2216,58,860,14362,776,5810,464,4134,10,6900,38732
CHHATTISGARH,2010,25074058.5,5762088,19311970.5,12597027.3,12477031.2,17494171,10081275,7418344,69.77%,80.03%,59.46%,135192,109916,2130,1512,60,2024,0,2024,718,558,160,244,30,1104,7422,11610,4278,7332,2184,392,1626,118,638,20376,230,3412,364,1722,4,5814,46182
MADHYA PRADESH,2010,71398930.4,19659179,51739751.4,36995440.6,34403489.8,49121750,29055109,20072372,68.80%,78.54%,58.34%,308252,428538,4846,4554,246,6270,0,6270,2374,2060,314,220,220,3838,19794,43154,22706,20448,5212,1014,3558,66,1496,78386,1784,13292,1836,7512,10,14076,214780
GUJARAT,2010,59462824.5,25063599.7,34399224.8,30980691.7,28482132.8,45919572,26403295,19530768,77.22%,85.23%,68.57%,196244,232878,2096,924,88,816,0,816,2894,2580,314,372,36,2768,8142,33588,19634,13954,3246,2428,2004,510,520,20262,38,1336,220,11200,0,11814,127576
Daman and Diu,2010,234742.7,170300.7,64442,144522.1,90220.6,203050,131842,70942,86.50%,91.23%,78.63%,111,406,10,4,2,2,0,2,4,4,0,12,0,0,54,94,58,36,22,8,10,0,0,24,0,4,0,6,0,76,74
Dadra and Nagar Haveli,2010,331387.1,149581.8,181805.3,186550.6,144836.5,247576,156675,90069,74.71%,83.99%,62.19%,491,756,12,0,2,6,0,6,36,20,16,4,0,6,50,126,68,58,88,24,36,2,4,22,0,22,4,6,0,40,266
MAHARASHTRA,2010,110824762.4,49846531.1,60978231.3,57458810,53365952.4,90691228,50660858,40042609,81.83%,88.17%,75.03%,307713,416336,5488,3852,304,3198,0,3198,3016,2248,768,1556,570,7442,33234,105130,37352,67778,16824,3896,17368,778,2458,59392,786,7322,2360,14868,0,27016,99478
ANDHRA PRADESH,2010,83743700,27478061.5,56265638.5,42050672.7,41693027.3,55630102,31318080,24328715,66.43%,74.48%,58.35%,275045,362876,5076,3906,310,2724,0,2724,4106,3062,1044,268,4,1100,16400,53512,14844,38668,4462,2260,18328,372,1850,93554,1176,9268,9124,24160,0,28170,82746
KARNATAKA,2010,60270823.5,23059518.7,37211304.8,30559883.1,29710940.4,44918639,25013876,19911381,74.53%,81.85%,67.02%,191791,284644,3610,3700,188,1172,0,1172,2748,1172,1576,544,600,3898,12118,40186,21680,18506,15420,928,11086,384,572,43670,496,5088,166,6882,0,942,130246
GOA,2010,1447457.3,883190.3,564267,733950.8,713506.5,1274660,677238,597526,88.06%,92.27%,83.75%,3702,6586,70,54,6,72,0,72,50,36,14,4,0,78,736,2068,718,1350,128,114,234,66,46,354,2,72,32,34,0,512,1854
LAKSHADWEEP,2010,64090.7,47995.5,16095.2,32923.8,31166.9,58590,31383,27212,91.42%,95.32%,87.31%,30,84,0,0,0,0,0,0,0,0,0,0,0,0,10,10,0,10,6,0,0,0,4,2,0,0,0,0,0,0,52
KERALA,2010,33249592.3,15168125.9,18081466.4,15971532.2,17278060.1,31152208,15319734,15679667,93.69%,95.92%,90.75%,38852,296626,726,722,172,1268,0,1268,522,368,154,148,442,1272,5364,8760,2972,5788,17448,686,7162,108,748,37064,44,5872,1074,9594,0,94,197336
TAMIL NADU,2010,71172894.9,34174095.8,36998799.1,35664268.4,35508626.5,56531207,30787536,25761864,79.43%,86.33%,72.55%,130060,371356,3750,5282,64,1372,0,1372,3440,2928,512,170,24,3634,9430,29166,10090,19076,5328,354,6518,624,1272,42618,330,2810,1276,3140,0,29288,221466
PUDUCHERRY,2010,1220592.2,832339.6,388252.6,599956,620636.2,1042557,546098,496608,85.41%,91.02%,80.02%,490,7870,66,38,32,6,0,6,34,28,6,4,20,10,144,1068,768,300,262,24,154,6,20,1612,2,92,44,14,0,484,3734
Andaman and Nicobar,2010,378138.1,140759,237379.1,201881.1,176257,325520,181390,144030,86.09%,89.85%,81.72%,8249,1960,18,14,8,48,0,48,20,16,4,2,0,14,160,242,44,198,22,20,112,0,24,160,0,62,20,18,0,18,978
Jammu and Kashmir,2011,12541302,3433242,9108060,6640662,5900640,8422738,5096708,3329731,67.16%,76.75%,56.43%,222236,49008,338,988,58,554,0,554,2154,2046,108,28,0,176,3032,5310,1860,3450,2810,390,1224,78,410,492,22,2388,700,572,0,770,26514
HIMACHAL PRADESH,2011,6864602,688552,6176050,3481873,3382729,5683890,3117321,2568506,82.80%,89.53%,75.93%,55673,28624,260,100,12,336,0,336,424,382,42,2,0,20,1990,2084,712,1372,1060,286,718,8,220,2502,8,662,124,478,0,1126,16204
PUNJAB,2011,27743338,10399146,17344192,14639465,13103873,21040548,11775986,9268369,75.84%,80.44%,70.73%,50362,69766,1684,1994,224,958,0,958,1362,1034,328,56,286,472,4976,9568,4214,5354,0,562,7142,116,166,9514,286,564,62,2272,0,7152,20350
CHANDIGARH,2011,1055450,1026459,28991,580663,474787,908215,522539,385480,86.05%,89.99%,81.19%,114,7084,48,80,12,54,0,54,116,92,24,12,4,136,570,3004,1830,1174,132,50,510,0,18,90,4,42,24,92,0,14,2072
UTTARAKHAND,2011,10086292,3049338,7036954,5137773,4948519,7950015,4490414,3464458,78.82%,87.40%,70.01%,53483,17548,356,378,108,258,0,258,628,566,62,26,2,358,684,4186,1680,2506,802,230,1038,52,34,1704,166,232,144,614,0,1392,4156
Hariyana,2011,25351462,8842103,16509359,13494734,11856728,19153030,11343673,7818326,75.55%,84.06%,65.94%,44212,121482,2124,1702,120,1466,0,1466,1918,1466,452,334,352,1276,10022,34850,25082,9768,2932,1624,3522,36,332,6846,510,948,980,5480,0,3010,41098
Delhi,2011,16787941,16368899,419042,8987326,7800615,14472884,8173074,6299777,86.21%,90.94%,80.76%,1483,106706,1086,772,142,1144,0,1144,7534,4170,3364,66,50,1124,2838,45798,29336,16462,100,674,5180,88,84,3892,284,1314,324,3150,0,2336,28726
RAJASTHAN,2011,68548437,17048085,51500352,35550997,32997440,45317372,28152835,17198266,66.11%,79.19%,52.12%,342239,331244,2922,3132,200,3600,0,3600,6408,5426,982,56,144,1454,9020,42198,25132,17066,1502,1482,34994,112,946,35954,1028,4894,18,24436,0,16244,140500
UTTAR PRADESH,2011,199812341,44495063,155317278,104480510,95331831,135232992,80742538,54510741,67.68%,77.28%,57.18%,240928,390270,9902,9306,2908,4084,0,4084,17000,15050,1950,758,78,6296,11530,73366,42726,30640,10044,7442,19882,540,954,24468,4644,6910,6,14242,0,28760,137150
BIHAR,2011,104099452,11758016,92341436,54278157,49821295,64333461,38646048,25657967,61.80%,71.20%,51.50%,94163,271792,6396,6654,696,1868,2,1866,8536,6100,2436,1112,210,2762,7258,32584,10082,22502,19536,3482,7552,128,1410,38782,2826,1580,22,5214,20,11754,111410
SIKKIM,2011,610577,153578,456999,323070,287507,497132,279617,217384,81.42%,86.55%,75.61%,7096,1192,28,14,16,32,0,32,20,20,0,0,0,10,120,144,16,128,50,8,62,6,8,150,0,48,0,8,0,114,354
ARUNACHAL PRADESH,2011,1383727,317369,1066358,713912,669815,904681,517943,386483,65.38%,72.55%,57.70%,83743,4572,130,58,4,84,0,84,186,120,66,26,0,128,366,828,304,524,98,108,148,4,68,758,0,102,0,36,0,196,1244
NAGALAND,2011,1978502,570966,1407536,1024649,953853,1573898,847897,725978,79.55%,82.75%,76.11%,16579,2166,92,86,22,46,0,46,68,6,62,14,0,118,146,720,170,550,2,32,62,10,4,110,0,18,0,2,0,30,584
MANIPUR,2011,2855794,834154,2021640,1438586,1417208,2197248,1202370,995730,76.94%,83.58%,70.26%,22327,6436,156,490,8,106,0,106,338,232,106,2,308,14,104,1438,1106,332,140,84,252,24,198,584,2,76,0,78,0,4,2030
MIZORAM,2011,1097206,571771,525435,555339,541867,1002078,518409,483725,91.33%,93.35%,89.27%,21081,3642,52,48,16,154,0,154,12,0,12,2,0,12,672,1468,78,1390,0,42,132,4,38,194,0,144,2,18,0,74,558
TRIPURA,2011,3673917,961453,2712464,1874376,1799541,3204390,1734360,1488760,87.22%,92.53%,82.73%,10486,11606,326,150,0,410,0,410,308,232,76,22,0,100,454,988,118,870,350,108,198,18,116,2680,60,588,18,1404,0,28,3280
MEGHALAYA,2011,2966889,595450,2371439,1491832,1475057,2208255,1133046,1075169,74.43%,75.95%,72.89%,22429,5510,340,102,6,260,0,260,174,74,100,98,0,126,290,1392,380,1012,16,104,332,26,68,394,2,148,2,42,6,180,1402
ASSAM,2011,31205576,4398542,26807034,15939443,15266133,22527305,12408856,10116866,72.19%,77.85%,66.27%,78438,133428,2606,1008,96,3400,0,3400,7528,6384,1144,610,8,1674,6654,16618,1170,15448,4656,1840,2990,120,1012,12612,242,2386,16,10492,4,5830,51026
WEST BENGAL,2011,91276115,29093002,62183113,46809027,44467088,69698441,38238294,31367084,76.36%,81.69%,70.54%,88752,286394,4218,4484,972,4726,0,4726,8570,7422,1148,472,1878,1520,910,42892,9284,33608,12038,2528,8342,414,826,26188,1020,4726,400,39544,0,6498,113228
JHARKHAND,2011,32988134,7933061,25055073,16930315,16057819,21907420,13009254,8899243,66.41%,76.84%,55.42%,79716,71676,3494,1436,166,1568,0,1568,1882,1320,562,618,80,1228,2470,12756,3744,9012,4266,894,1814,44,276,8806,564,634,14,1318,12,3456,23880
ODISHA,2011,41974218,7003656,34970562,21212136,20762082,30586613,17306982,13289809,72.87%,81.59%,64.01%,155707,122554,2954,3242,102,2224,0,2224,2278,2016,262,834,168,3166,6062,17448,5972,11476,3112,500,2782,20,846,15788,930,6414,470,4640,0,7556,41018
CHHATTISGARH,2011,25545198,5937237,19607961,12832895,12712303,17953165,10300965,7657891,70.28%,80.27%,60.24%,135192,114436,2220,1494,56,2106,0,2106,944,730,214,136,14,940,7096,10630,4584,6046,1868,360,1960,130,578,22210,208,3308,348,1668,4,5712,50446
MADHYA PRADESH,2011,72626809,20069405,52557404,37612306,35014503,50344904,29612169,20742592,69.32%,78.73%,59.24%,308252,434188,5022,4680,278,6812,0,6812,2576,2176,400,236,234,3904,20460,44828,23190,21638,4160,1114,3720,24,1568,71422,1622,13330,1524,7464,90,14956,224164
GUJARAT,2011,60439692,25745083,34694609,31491260,28948432,47161092,27003755,20171267,78.03%,85.75%,69.68%,196244,246742,2252,956,86,878,0,878,3228,2884,344,442,48,2736,9018,32086,17868,14218,3230,2678,2798,512,526,20318,60,1370,186,12104,0,11654,139576
Daman and Diu,2011,243247,182851,60396,150301,92946,211868,137586,73939,87.10%,91.54%,79.55%,111,448,12,2,0,2,0,2,6,4,2,8,0,12,62,94,66,28,38,6,20,4,0,22,0,0,0,4,0,86,70
Dadra and Nagar Haveli,2011,343709,160595,183114,193760,149949,262387,165025,96447,76.34%,85.17%,64.32%,491,744,28,4,0,8,0,8,18,16,2,14,0,4,44,138,86,52,40,20,36,4,10,50,0,4,0,6,0,48,268
MAHARASHTRA,2011,112374333,50818259,61556074,58243056,54131277,92529026,51475213,41069400,82.34%,88.38%,75.87%,307713,409804,5636,4210,288,3402,0,3402,3338,2504,834,1546,582,8498,32626,106898,38540,68358,17112,3766,18196,702,2510,59538,678,7588,2142,14272,0,26048,90228
ANDHRA PRADESH,2011,84580777,28219075,56361702,42442146,42138631,56686037,31780679,24925000,67.02%,74.88%,59.15%,275045,379560,5616,4458,342,2884,0,2884,4308,3224,1084,252,14,1200,16600,56534,17932,38602,4420,2348,19496,448,2042,108904,1198,9698,7316,26752,0,27946,76784
KARNATAKA,2011,61095297,23625962,37469335,30966657,30128640,46041416,25538202,20511578,75.36%,82.47%,68.08%,191791,275200,3640,3674,170,1272,0,1272,2790,1430,1360,428,798,4246,12272,39668,20452,19216,14530,880,11700,210,462,42590,534,5216,162,7424,24,1500,121010
GOA,2011,1458545,906814,551731,739140,719405,1293729,684813,609048,88.70%,92.65%,84.66%,3702,6898,96,44,12,58,0,58,56,34,22,4,0,52,636,2230,926,1304,148,90,284,62,48,430,2,58,24,36,0,526,2002
LAKSHADWEEP,2011,64473,50332,14141,33123,31350,59218,31652,27572,91.85%,95.56%,87.95%,30,88,0,2,0,0,0,0,0,0,0,0,0,0,0,8,0,8,10,2,0,0,6,6,0,0,0,0,0,0,54
KERALA,2011,33406061,15934926,17471135,16027412,17378649,31401697,15403946,15826736,94.00%,96.11%,91.07%,38852,344274,730,1042,210,2264,0,2264,598,442,156,142,490,1482,6002,9408,2908,6500,21508,680,10310,112,900,43494,30,7512,1146,10754,0,130,225330
TAMIL NADU,2011,72147030,34917440,37229590,36137975,36009055,57782556,31356921,26445050,80.09%,86.77%,73.44%,130060,385758,3754,5924,56,1354,0,1354,3968,3486,482,202,22,4132,9696,27848,9822,18026,6018,476,7744,550,1412,42334,304,2934,928,3624,0,32152,230326
PUDUCHERRY,2011,1247953,852753,395200,612511,635442,1071368,558978,512611,85.85%,91.26%,80.67%,490,8724,64,44,24,14,0,14,24,18,6,10,20,22,130,1414,1022,392,250,18,108,8,20,1706,2,70,32,20,0,486,4238
Andaman and Nicobar,2011,380581,143488,237093,202871,177710,329697,183132,146486,86.63%,90.27%,82.43%,8249,1586,28,12,4,26,0,26,30,24,6,2,0,2,198,176,8,168,22,6,64,0,12,162,0,30,6,10,0,12,784
Jammu and Kashmir,2012,12781062.2,3524902.4,9256159.8,6768635.6,6012426.6,8746081,5269383,3480654,68.43%,77.85%,57.89%,222236,49216,248,1022,32,606,0,606,2186,2082,104,12,0,162,2790,4044,1114,2930,2800,326,1224,34,380,644,16,2644,694,602,0,742,28008
HIMACHAL PRADESH,2012,6943272.2,697849.1,6245423.1,3521266.3,3422005.9,5788398,3164949,2625192,83.37%,89.88%,76.72%,55673,25114,226,106,18,366,0,366,344,304,40,2,0,20,1856,1538,530,1008,988,274,746,2,262,2346,4,500,136,502,0,1124,13754
PUNJAB,2012,28081771.9,10612809.5,17468962.4,14804907,13276864.9,21462617,11980279,9486054,76.43%,80.92%,71.45%,50362,71580,1710,2090,208,1360,2,1358,1838,1378,460,96,368,426,5656,10544,4022,6522,2,578,6902,98,148,8372,236,680,62,2586,0,6810,20810
CHANDIGARH,2012,1070931.5,1048253.4,22678.1,588035.5,482896,926131,531725,394256,86.48%,90.42%,81.64%,114,7212,42,88,10,54,0,54,174,132,42,6,18,126,470,3098,1788,1310,98,68,468,4,18,84,10,90,50,146,0,6,2084
UTTARAKHAND,2012,10959556.8,3315480.5,7644076.3,5582862.7,5376694.1,8709998,4898348,3816646,79.47%,87.74%,70.99%,53483,17764,434,322,88,296,0,296,594,512,82,58,6,288,782,3826,1898,1928,738,274,1058,44,34,2044,142,278,146,736,0,1340,4236
Hariyana,2012,25772151.8,9114782.9,16657368.9,13707812.1,12064339.7,19650235,11588721,8071405,76.25%,84.54%,66.90%,44212,124960,1982,1820,136,1336,0,1336,2698,1800,898,408,352,1422,10258,35180,25958,9222,2848,1480,3596,40,382,6554,516,1050,868,6274,0,2968,42792
Delhi,2012,17081684.4,16715210.9,366473.5,9125335.2,7956349.2,14801109,8331157,6471376,86.65%,91.30%,81.34%,1483,108574,1042,878,164,1412,0,1412,7940,4320,3620,56,26,1216,3430,44064,28782,15282,158,682,4982,122,158,3494,268,1454,416,3970,0,1826,30816
RAJASTHAN,2012,69752561.9,17431456,52321105.9,36164095.6,33588466.3,46467762,28737075,17767627,66.62%,79.46%,52.90%,342239,341896,2922,3076,196,4098,0,4098,6486,5394,1092,62,148,1614,9220,46628,28214,18414,1146,1364,39292,98,950,35228,956,4704,36,26624,0,16568,140480
UTTAR PRADESH,2012,203173783,45490611.1,157683171.9,106172024.1,97001758.9,139604770,82798253,56843031,68.71%,77.99%,58.60%,240928,396186,9932,9622,2820,3926,0,3926,17756,15820,1936,644,136,6318,12374,74752,45546,29206,11352,7276,21426,410,654,24580,4488,6494,16,15322,0,28812,137076
BIHAR,2012,106209546.3,12065637.6,94143908.7,55381593.2,50827953.1,67153110,39535812,27087741,63.23%,71.39%,53.29%,94163,293228,7132,10904,570,1854,0,1854,9614,7578,2036,1080,108,2532,7516,35334,12808,22526,21742,3300,7866,80,1598,91654,2550,236,74,7372,8,9262,70842
SIKKIM,2012,617549.6,162948.8,454600.8,326528.6,291021,510059,285817,224159,82.59%,87.53%,77.03%,7096,1056,14,14,0,68,0,68,20,20,0,0,0,12,130,234,34,200,44,6,62,2,40,182,2,38,0,8,0,64,116
ARUNACHAL PRADESH,2012,1412302.9,326317.8,1085985.1,727309.1,684993.8,938391,533830,404461,66.44%,73.40%,59.05%,83743,4840,146,58,2,92,0,92,164,116,48,40,0,130,430,804,190,614,56,110,170,2,66,876,2,134,4,52,0,188,1314
NAGALAND,2012,1977348.6,593783.9,1383564.7,1022399.8,954948.8,1597579,857262,740362,80.79%,83.85%,77.53%,16579,2180,150,84,12,42,0,42,54,20,34,2,0,108,130,762,130,632,6,44,78,8,14,60,0,32,0,0,0,62,532
MANIPUR,2012,2911983.8,859972.6,2052011.2,1466249.4,1445734.4,2263980,1233864,1031040,77.75%,84.15%,71.32%,22327,7474,166,818,8,126,0,126,446,266,180,16,342,6,106,1806,1472,334,144,134,272,4,148,570,0,98,2,86,0,4,2172
MIZORAM,2012,1118069.3,584847.5,533221.8,564962,553107.3,1024308,528895,495496,91.61%,93.62%,89.58%,21081,3532,60,42,14,206,0,206,16,6,10,4,0,8,694,1210,48,1162,2,24,84,12,24,206,0,170,0,16,0,68,672
TRIPURA,2012,3721388.4,1003023.3,2718365.1,1897591.1,1823797.3,3296257,1776828,1540416,88.58%,93.64%,84.46%,10486,12528,248,158,4,458,0,458,278,228,50,14,0,120,478,1130,280,850,256,94,210,18,118,3008,74,628,14,1716,0,20,3484
MEGHALAYA,2012,3031695.7,609583.9,2422111.8,1523406.5,1508289.2,2290204,1171972,1118215,75.54%,76.93%,74.14%,22429,5114,274,126,16,328,0,328,184,48,136,104,2,92,290,1086,304,782,0,88,216,26,122,314,2,86,0,32,0,204,1522
ASSAM,2012,31660580.8,4494472.2,27166108.6,16155683.6,15504897.2,23106208,12672841,10433866,72.98%,78.44%,67.29%,78438,155364,2736,1340,108,3432,0,3432,7624,6720,904,532,14,1814,7650,18788,5440,13348,10154,2556,3410,122,5660,13352,280,3680,10,12814,4,5130,54154
WEST BENGAL,2012,92386106.8,29759577.1,62626529.7,47343331.2,45042775.6,71205668,38869348,32238015,77.07%,82.10%,71.57%,88752,322854,4504,5708,1044,4092,0,4092,10234,8336,1898,558,1750,1632,928,45982,10316,35666,13222,2782,10600,704,792,31846,1186,6690,1112,39730,24,8770,128964
JHARKHAND,2012,33592364.5,8126993,25465371.5,17234842.8,16357521.7,22721204,13396643,9327713,67.64%,77.73%,57.02%,79716,81892,3388,1684,184,1624,0,1624,2112,1572,540,568,66,988,2432,13360,4430,8930,4662,1278,3132,28,272,9570,604,568,20,2522,6,3188,29636
ODISHA,2012,42491173.8,7152297.8,35338876,21467292.6,21023881.2,31356787,17636240,13731538,73.80%,82.15%,65.31%,155707,135914,3096,3758,108,2916,0,2916,3084,2728,356,804,198,3226,6860,19260,6420,12840,4410,634,3214,38,938,16446,1050,8374,608,5276,0,7210,44406
CHHATTISGARH,2012,26016337.5,6112386,19903951.5,13068762.7,12947574.8,18416965,10521792,7901128,70.79%,80.51%,61.02%,135192,109196,1996,1186,52,2068,0,2068,900,700,200,128,8,824,6668,10682,4716,5966,1820,340,1850,106,660,21710,162,3202,324,1960,0,5776,46774
MADHYA PRADESH,2012,73854687.6,20479631,53375056.6,38229171.4,35625516.2,51580852,30171609,21423760,69.84%,78.92%,60.14%,308252,440670,4746,4664,228,6850,0,6850,2604,2254,350,214,254,3880,20038,46364,24558,21806,3902,1152,4042,62,1628,71098,1486,13310,1548,7976,12,15442,229170
GUJARAT,2012,61416559.5,26426566.3,34989993.2,32001828.3,29414731.2,48418359,27609577,20822100,78.84%,86.28%,70.79%,196244,260242,2252,1114,86,946,0,946,3440,3054,386,574,38,2732,9390,31904,18114,13790,3516,2480,2722,432,564,20468,42,1490,186,13316,0,11146,151404
Daman and Diu,2012,251751.3,195401.3,56350,156079.9,95671.4,220788,143366,76985,87.70%,91.85%,80.47%,111,478,6,10,0,10,0,10,6,0,6,2,0,6,52,110,84,26,18,12,16,0,22,34,0,0,0,6,0,76,92
Dadra and Nagar Haveli,2012,356030.9,171608.2,184422.7,200969.4,155061.5,277601,173547,103043,77.97%,86.36%,66.45%,491,636,14,4,0,6,0,6,26,18,8,4,0,4,44,136,72,64,22,20,8,0,24,50,0,4,0,0,0,46,224
MAHARASHTRA,2012,113923903.6,51789986.9,62133916.7,59027302,54896601.6,94382536,52292877,42108987,82.85%,88.59%,76.71%,307713,405400,5424,4336,342,3678,0,3678,3166,2280,886,1586,644,13898,31296,94952,35710,59242,17720,3800,18796,582,2492,56784,658,7870,2588,14830,0,26622,93336
ANDHRA PRADESH,2012,85417854,28960088.5,56457765.5,42833619.3,42584234.7,57751865,32246434,25528397,67.61%,75.28%,59.95%,275045,385044,5434,4366,316,2682,0,2682,3740,2806,934,262,2,1336,16884,54950,16072,38878,3756,2542,22004,520,1960,113536,1008,9632,7428,26778,0,27858,78050
KARNATAKA,2012,61919770.5,24192405.3,37727365.2,31373430.9,30546339.6,47177912,26067556,21120656,76.19%,83.09%,69.14%,191791,268042,3720,3846,142,1242,0,1242,2902,2140,762,422,1072,4414,11584,36836,17772,19064,15004,802,11644,168,832,40700,436,5956,200,7368,64,1752,116936
GOA,2012,1469632.7,930437.7,539195,744329.2,725303.5,1312940,692427,620678,89.34%,93.03%,85.58%,3702,7216,90,70,6,110,0,110,48,32,16,12,0,50,712,1830,600,1230,244,128,410,32,68,532,0,98,32,48,0,466,2230
LAKSHADWEEP,2012,64855.3,52668.5,12186.8,33322.2,31533.1,59850,31923,27935,92.28%,95.80%,88.59%,30,120,0,0,0,0,0,0,0,0,0,0,0,0,6,14,2,12,20,0,0,0,6,6,0,2,0,2,0,0,64
KERALA,2012,33562529.7,16701726.1,16860803.6,16083291.8,17479237.9,31652151,15488371,15974450,94.31%,96.30%,91.39%,38852,317978,748,994,214,2038,0,2038,562,428,134,144,578,1450,5420,8156,2524,5632,21876,602,9362,136,1136,42340,64,7470,996,10432,0,96,203164
TAMIL NADU,2012,73121165.1,35660784.2,37460380.9,36611681.6,36509483.5,59046803,31930512,27137134,80.75%,87.21%,74.33%,130060,400948,3898,5908,88,1474,0,1474,3890,3386,504,194,38,3796,8914,23992,7830,16162,6272,524,8302,754,1452,44200,220,2988,764,3930,0,30998,248352
PUDUCHERRY,2012,1275313.8,873166.4,402147.4,625066,650247.8,1100417,571917,528808,86.29%,91.50%,81.32%,490,8562,58,54,24,26,0,26,38,32,6,10,30,32,154,1316,924,392,252,18,180,12,42,1636,0,18,4,12,0,526,4120
Andaman and Nicobar,2012,383023.9,146217,236806.9,203860.9,179163,333901,184881,148963,87.17%,90.69%,83.14%,8249,1366,30,6,0,24,0,24,16,14,2,10,0,4,142,142,0,142,16,10,62,2,8,124,4,34,8,10,0,12,702
